1	razboj	1	false	2016-01-19 14:39:53.000000	2016-01-19 14:39:53.000000
1	naboj	2	false	2016-01-19 14:39:53.000000	2016-01-19 14:39:53.000000
1	razvoj	3	true	2016-01-19 14:39:53.000000	2016-01-19 14:39:53.000000
1	prevoj	4	false	2016-01-19 14:39:53.000000	2016-01-19 14:39:53.000000
2	osvećen	5	false	2016-01-19 14:40:23.000000	2016-01-19 14:40:23.000000
2	posvećen	6	true	2016-01-19 14:40:23.000000	2016-01-19 14:40:23.000000
2	nasađen	7	false	2016-01-19 14:40:23.000000	2016-01-19 14:40:23.000000
2	prosvećen	8	false	2016-01-19 14:40:23.000000	2016-01-19 14:40:23.000000
3	daljina	9	false	2016-01-19 14:40:43.000000	2016-01-19 14:40:43.000000
3	širina	10	true	2016-01-19 14:40:43.000000	2016-01-19 14:40:43.000000
3	dužina	11	false	2016-01-19 14:40:43.000000	2016-01-19 14:40:43.000000
3	visina	12	false	2016-01-19 14:40:43.000000	2016-01-19 14:40:43.000000
4	saksija	13	false	2016-01-19 14:41:01.000000	2016-01-19 14:41:01.000000
4	medved	15	false	2016-01-19 14:41:01.000000	2016-01-19 14:41:01.000000
28	pat	106	false	2016-01-21 08:45:11.000000	2016-01-21 08:45:11.000000
28	staze	107	true	2016-01-21 08:45:11.000000	2016-01-21 08:45:11.000000
4	pegla	14		2016-01-19 14:41:01.000000	2016-01-19 14:41:01.000000
4	predmet	16	true	2016-01-19 14:41:01.000000	2016-01-19 14:41:01.000000
5	zahteva	17	true	2016-01-19 17:28:24.000000	2016-01-19 17:28:24.000000
5	odbija	18	false	2016-01-19 17:28:24.000000	2016-01-19 17:28:24.000000
5	pruža	19	false	2016-01-19 17:28:24.000000	2016-01-19 17:28:24.000000
6	ljubičasto	20	false	2016-01-19 17:32:16.000000	2016-01-19 17:32:16.000000
6	zahteva	23	false	2016-01-19 17:32:16.000000	2016-01-19 17:32:16.000000
7	visina	24	false	2016-01-19 17:32:47.000000	2016-01-19 17:32:47.000000
7	daljina	25	false	2016-01-19 17:32:47.000000	2016-01-19 17:32:47.000000
7	dužina	26	true	2016-01-19 17:32:47.000000	2016-01-19 17:32:47.000000
7	širina	27	false	2016-01-19 17:32:47.000000	2016-01-19 17:32:47.000000
8	grmljavina	28	true	2016-01-19 18:52:30.000000	2016-01-19 18:52:30.000000
8	vasiona	29	false	2016-01-19 18:52:30.000000	2016-01-19 18:52:30.000000
8	horizont	30	false	2016-01-19 18:52:30.000000	2016-01-19 18:52:30.000000
8	ravnodnevnica	31	false	2016-01-19 18:52:30.000000	2016-01-19 18:52:30.000000
9	venčanice	32	false	2016-01-19 18:53:11.000000	2016-01-19 18:53:11.000000
9	dobavljači	33	true	2016-01-19 18:53:11.000000	2016-01-19 18:53:11.000000
9	prodavci	34	false	2016-01-19 18:53:11.000000	2016-01-19 18:53:11.000000
9	vlasnici	35	false	2016-01-19 18:53:11.000000	2016-01-19 18:53:11.000000
10	zaista	36	false	2016-01-19 18:54:05.000000	2016-01-19 18:54:05.000000
10	sveukupno	37	true	2016-01-19 18:54:05.000000	2016-01-19 18:54:05.000000
10	nikako	38	false	2016-01-19 18:54:05.000000	2016-01-19 18:54:05.000000
10	zajedno	39	false	2016-01-19 18:54:05.000000	2016-01-19 18:54:05.000000
11	nikako	40	false	2016-01-19 18:54:34.000000	2016-01-19 18:54:34.000000
11	možda	41	false	2016-01-19 18:54:34.000000	2016-01-19 18:54:34.000000
11	na delu	42	false	2016-01-19 18:54:34.000000	2016-01-19 18:54:34.000000
11	zaista	43	true	2016-01-19 18:54:34.000000	2016-01-19 18:54:34.000000
12	voćan	44	false	2016-01-20 19:38:09.000000	2016-01-20 19:38:09.000000
12	moćan	45	true	2016-01-20 19:38:09.000000	2016-01-20 19:38:09.000000
12	trošan	46	false	2016-01-20 19:38:09.000000	2016-01-20 19:38:09.000000
13	voljeno	47	false	2016-01-20 19:40:24.000000	2016-01-20 19:40:24.000000
13	moljeno	48	false	2016-01-20 19:40:24.000000	2016-01-20 19:40:24.000000
13	željeno	49	true	2016-01-20 19:40:24.000000	2016-01-20 19:40:24.000000
13	soljeno	50	false	2016-01-20 19:40:24.000000	2016-01-20 19:40:24.000000
14	pospešiti	51	true	2016-01-20 19:41:02.000000	2016-01-20 19:41:02.000000
14	dotaći	52	false	2016-01-20 19:41:02.000000	2016-01-20 19:41:02.000000
14	pomoći	53	false	2016-01-20 19:41:02.000000	2016-01-20 19:41:02.000000
14	pomaziti	54	false	2016-01-20 19:41:02.000000	2016-01-20 19:41:02.000000
15	muški	55	false	2016-01-20 19:41:49.000000	2016-01-20 19:41:49.000000
15	dečji	56	false	2016-01-20 19:41:49.000000	2016-01-20 19:41:49.000000
15	ženski	57	true	2016-01-20 19:41:49.000000	2016-01-20 19:41:49.000000
15	stariji	58	false	2016-01-20 19:41:49.000000	2016-01-20 19:41:49.000000
16	ženski	59	false	2016-01-20 19:42:24.000000	2016-01-20 19:42:24.000000
16	muški	60	true	2016-01-20 19:42:24.000000	2016-01-20 19:42:24.000000
16	stariji	61	false	2016-01-20 19:42:24.000000	2016-01-20 19:42:24.000000
16	dečji	62	false	2016-01-20 19:42:24.000000	2016-01-20 19:42:24.000000
17	kucanje	63	false	2016-01-20 19:42:53.000000	2016-01-20 19:42:53.000000
17	varenje	64	true	2016-01-20 19:42:53.000000	2016-01-20 19:42:53.000000
17	disanje	65	false	2016-01-20 19:42:53.000000	2016-01-20 19:42:53.000000
17	staranje	66	false	2016-01-20 19:42:53.000000	2016-01-20 19:42:53.000000
18	nejednak	67	false	2016-01-20 19:43:17.000000	2016-01-20 19:43:17.000000
18	poseban	68	false	2016-01-20 19:43:17.000000	2016-01-20 19:43:17.000000
18	jednak	69	true	2016-01-20 19:43:17.000000	2016-01-20 19:43:17.000000
18	različit	70	false	2016-01-20 19:43:17.000000	2016-01-20 19:43:17.000000
19	kockast	71	false	2016-01-20 19:44:00.000000	2016-01-20 19:44:00.000000
19	okrugao	72	true	2016-01-20 19:44:00.000000	2016-01-20 19:44:00.000000
19	trouglast	73	false	2016-01-20 19:44:00.000000	2016-01-20 19:44:00.000000
20	vradžbina	74	false	2016-01-20 19:44:38.000000	2016-01-20 19:44:38.000000
20	papagaj	75	false	2016-01-20 19:44:38.000000	2016-01-20 19:44:38.000000
20	leptir	76	false	2016-01-20 19:44:38.000000	2016-01-20 19:44:38.000000
20	izvor	77	true	2016-01-20 19:44:38.000000	2016-01-20 19:44:38.000000
21	neodlučan	78	true	2016-01-20 19:51:41.000000	2016-01-20 19:51:41.000000
21	odlučan	79	false	2016-01-20 19:51:41.000000	2016-01-20 19:51:41.000000
21	jasan	80	false	2016-01-20 19:51:41.000000	2016-01-20 19:51:41.000000
21	nejasan	81	false	2016-01-20 19:51:41.000000	2016-01-20 19:51:41.000000
22	ocena	82	false	2016-01-20 19:59:34.000000	2016-01-20 19:59:34.000000
22	cena	83	false	2016-01-20 19:59:34.000000	2016-01-20 19:59:34.000000
22	procena	84	true	2016-01-20 19:59:34.000000	2016-01-20 19:59:34.000000
22	ucena	85	false	2016-01-20 19:59:34.000000	2016-01-20 19:59:34.000000
23	rizik	86	false	2016-01-20 20:01:42.000000	2016-01-20 20:01:42.000000
23	razno	87	true	2016-01-20 20:01:42.000000	2016-01-20 20:01:42.000000
23	rezedo	88	false	2016-01-20 20:01:42.000000	2016-01-20 20:01:42.000000
23	ružno	89	false	2016-01-20 20:01:42.000000	2016-01-20 20:01:42.000000
24	ceo	90	false	2016-01-20 20:04:12.000000	2016-01-20 20:04:12.000000
24	delimičan	91	true	2016-01-20 20:04:12.000000	2016-01-20 20:04:12.000000
24	zabavan	92	false	2016-01-20 20:04:12.000000	2016-01-20 20:04:12.000000
24	partijski	93	false	2016-01-20 20:04:12.000000	2016-01-20 20:04:12.000000
25	podeliti	94	false	2016-01-20 20:06:16.000000	2016-01-20 20:06:16.000000
25	deliti	95	false	2016-01-20 20:06:16.000000	2016-01-20 20:06:16.000000
25	dodeliti	96	true	2016-01-20 20:06:16.000000	2016-01-20 20:06:16.000000
25	oduzeti	97	false	2016-01-20 20:06:16.000000	2016-01-20 20:06:16.000000
26	veštački	98	true	2016-01-20 20:08:49.000000	2016-01-20 20:08:49.000000
26	umetnički	99	false	2016-01-20 20:08:49.000000	2016-01-20 20:08:49.000000
26	prirodan	100	false	2016-01-20 20:08:49.000000	2016-01-20 20:08:49.000000
26	prost	101	false	2016-01-20 20:08:49.000000	2016-01-20 20:08:49.000000
6	pruža	21	false	2016-01-19 17:32:16.000000	2016-01-19 17:32:16.000000
27	nakon	102	true	2016-01-20 21:17:06.000000	2016-01-20 21:17:06.000000
27	ipak	103	false	2016-01-20 21:17:06.000000	2016-01-20 21:17:06.000000
27	svega	104	false	2016-01-20 21:17:06.000000	2016-01-20 21:17:06.000000
27	kasnije	105	false	2016-01-20 21:17:06.000000	2016-01-20 21:17:06.000000
28	patnje	108	false	2016-01-21 08:45:11.000000	2016-01-21 08:45:11.000000
28	pati	109	false	2016-01-21 08:45:11.000000	2016-01-21 08:45:11.000000
29	napuniti	110	true	2016-01-21 08:51:58.000000	2016-01-21 08:51:58.000000
29	nadglasati	111	false	2016-01-21 08:51:58.000000	2016-01-21 08:51:58.000000
29	dosađivati	112	false	2016-01-21 08:51:58.000000	2016-01-21 08:51:58.000000
29	ležati	113	false	2016-01-21 08:51:58.000000	2016-01-21 08:51:58.000000
30	trud	114	true	2016-01-21 09:41:35.000000	2016-01-21 09:41:35.000000
30	bleja	115	false	2016-01-21 09:41:35.000000	2016-01-21 09:41:35.000000
30	groznica	116	false	2016-01-21 09:41:35.000000	2016-01-21 09:41:35.000000
30	trvrđava	117	false	2016-01-21 09:41:35.000000	2016-01-21 09:41:35.000000
32	dokaz	118	false	2016-01-21 09:44:55.000000	2016-01-21 09:44:55.000000
32	odbijen	119	true	2016-01-21 09:44:55.000000	2016-01-21 09:44:55.000000
32	prihvaćen	120	false	2016-01-21 09:44:55.000000	2016-01-21 09:44:55.000000
32	zbačen	121	false	2016-01-21 09:44:55.000000	2016-01-21 09:44:55.000000
33	promenjiv	122	true	2016-01-21 09:47:43.000000	2016-01-21 09:47:43.000000
33	zvučan	123	false	2016-01-21 09:47:43.000000	2016-01-21 09:47:43.000000
33	primenjiv	124	false	2016-01-21 09:47:43.000000	2016-01-21 09:47:43.000000
33	podložan	125	false	2016-01-21 09:47:43.000000	2016-01-21 09:47:43.000000
34	pozdravlja	126	false	2016-01-21 09:49:48.000000	2016-01-21 09:49:48.000000
34	imenuje	127	false	2016-01-21 09:49:48.000000	2016-01-21 09:49:48.000000
34	menja	128	false	2016-01-21 09:49:48.000000	2016-01-21 09:49:48.000000
34	dodeljuje	129	true	2016-01-21 09:49:48.000000	2016-01-21 09:49:48.000000
35	održavati	130	true	2016-01-21 09:51:58.000000	2016-01-21 09:51:58.000000
35	pratiti	131	false	2016-01-21 09:51:58.000000	2016-01-21 09:51:58.000000
35	ležati	132	false	2016-01-21 09:51:58.000000	2016-01-21 09:51:58.000000
35	koračati	133	false	2016-01-21 09:51:58.000000	2016-01-21 09:51:58.000000
36	uzeti	134	false	2016-01-21 10:20:42.000000	2016-01-21 10:20:42.000000
36	dodati	135	false	2016-01-21 10:20:42.000000	2016-01-21 10:20:42.000000
36	sjediniti	136	false	2016-01-21 10:20:42.000000	2016-01-21 10:20:42.000000
36	povući	137	true	2016-01-21 10:20:42.000000	2016-01-21 10:20:42.000000
37	podudarati se	138	true	2016-01-21 10:21:17.000000	2016-01-21 10:21:17.000000
37	povući se	139	false	2016-01-21 10:21:17.000000	2016-01-21 10:21:17.000000
37	pomiriti se	140	false	2016-01-21 10:21:17.000000	2016-01-21 10:21:17.000000
37	posvađati se	141	false	2016-01-21 10:21:17.000000	2016-01-21 10:21:17.000000
38	preskočen	142	false	2016-01-21 10:23:42.000000	2016-01-21 10:23:42.000000
38	izvađen	143	false	2016-01-21 10:23:42.000000	2016-01-21 10:23:42.000000
38	prekoračen	144	true	2016-01-21 10:23:42.000000	2016-01-21 10:23:42.000000
38	ljut	145	false	2016-01-21 10:23:42.000000	2016-01-21 10:23:42.000000
39	sadržaj	146	false	2016-01-21 10:34:01.000000	2016-01-21 10:34:01.000000
39	zaključak	147	false	2016-01-21 10:34:01.000000	2016-01-21 10:34:01.000000
39	sastojati se	148	true	2016-01-21 10:34:01.000000	2016-01-21 10:34:01.000000
39	prebrojavati	149	false	2016-01-21 10:34:01.000000	2016-01-21 10:34:01.000000
40	mešanje	150	true	2016-01-21 10:36:16.000000	2016-01-21 10:36:16.000000
40	gomilanje	151	false	2016-01-21 10:36:16.000000	2016-01-21 10:36:16.000000
40	prebrojavanje	152	false	2016-01-21 10:36:16.000000	2016-01-21 10:36:16.000000
40	uplaćivanje	153	false	2016-01-21 10:36:16.000000	2016-01-21 10:36:16.000000
41	dati	154	false	2016-01-21 10:36:52.000000	2016-01-21 10:36:52.000000
41	uzeti	155	false	2016-01-21 10:36:52.000000	2016-01-21 10:36:52.000000
41	raspodeliti	156	true	2016-01-21 10:36:52.000000	2016-01-21 10:36:52.000000
41	sačuvati	157	false	2016-01-21 10:36:52.000000	2016-01-21 10:36:52.000000
42	pozdravljanje	158	false	2016-01-21 10:40:52.000000	2016-01-21 10:40:52.000000
42	bez obzira	159	true	2016-01-21 10:40:52.000000	2016-01-21 10:40:52.000000
42	svakako	160	false	2016-01-21 10:40:52.000000	2016-01-21 10:40:52.000000
42	nikako	161	false	2016-01-21 10:40:52.000000	2016-01-21 10:40:52.000000
43	trajnost	162	true	2016-01-21 10:41:26.000000	2016-01-21 10:41:26.000000
43	pauziranje	163	false	2016-01-21 10:41:26.000000	2016-01-21 10:41:26.000000
43	poziranje	164	false	2016-01-21 10:41:26.000000	2016-01-21 10:41:26.000000
43	obaveza	165	false	2016-01-21 10:41:26.000000	2016-01-21 10:41:26.000000
44	kotrljanje	166	false	2016-01-21 10:43:59.000000	2016-01-21 10:43:59.000000
44	uzimanje	167	false	2016-01-21 10:43:59.000000	2016-01-21 10:43:59.000000
44	vraćanje	168	true	2016-01-21 10:43:59.000000	2016-01-21 10:43:59.000000
44	završavanje	169	false	2016-01-21 10:43:59.000000	2016-01-21 10:43:59.000000
45	predmet	170	false	2016-01-21 10:58:51.000000	2016-01-21 10:58:51.000000
45	izdata	171	true	2016-01-21 10:58:51.000000	2016-01-21 10:58:51.000000
45	poverena	172	false	2016-01-21 10:58:51.000000	2016-01-21 10:58:51.000000
45	cilj	173	false	2016-01-21 10:58:51.000000	2016-01-21 10:58:51.000000
46	ili	174	true	2016-01-21 11:00:51.000000	2016-01-21 11:00:51.000000
46	ako	175	false	2016-01-21 11:00:51.000000	2016-01-21 11:00:51.000000
46	iako	176	false	2016-01-21 11:00:51.000000	2016-01-21 11:00:51.000000
46	onako	177	false	2016-01-21 11:00:51.000000	2016-01-21 11:00:51.000000
47	izbacio	178	false	2016-01-21 11:04:26.000000	2016-01-21 11:04:26.000000
47	izletelo	179	false	2016-01-21 11:04:26.000000	2016-01-21 11:04:26.000000
47	skinuo	180	true	2016-01-21 11:04:26.000000	2016-01-21 11:04:26.000000
47	ugasio	181	false	2016-01-21 11:04:26.000000	2016-01-21 11:04:26.000000
48	panj	182	false	2016-01-21 11:11:15.000000	2016-01-21 11:11:15.000000
48	maslačak	183	false	2016-01-21 11:11:15.000000	2016-01-21 11:11:15.000000
48	koren	184	true	2016-01-21 11:11:15.000000	2016-01-21 11:11:15.000000
48	tučak	185	false	2016-01-21 11:11:15.000000	2016-01-21 11:11:15.000000
49	zadaci	186	false	2016-01-21 11:19:33.000000	2016-01-21 11:19:33.000000
49	poslovi	187	true	2016-01-21 11:19:33.000000	2016-01-21 11:19:33.000000
49	naredbe	188	false	2016-01-21 11:19:33.000000	2016-01-21 11:19:33.000000
49	primedbe	189	false	2016-01-21 11:19:33.000000	2016-01-21 11:19:33.000000
50	trčati	190	false	2016-01-21 11:20:05.000000	2016-01-21 11:20:05.000000
50	bežati	191	false	2016-01-21 11:20:05.000000	2016-01-21 11:20:05.000000
50	pokrenuti	192	true	2016-01-21 11:20:05.000000	2016-01-21 11:20:05.000000
50	okrenuti	193	false	2016-01-21 11:20:05.000000	2016-01-21 11:20:05.000000
51	pogođen	194	false	2016-01-21 11:53:51.000000	2016-01-21 11:53:51.000000
51	privilegovan	195	false	2016-01-21 11:53:51.000000	2016-01-21 11:53:51.000000
51	ranjiv	196	true	2016-01-21 11:53:51.000000	2016-01-21 11:53:51.000000
51	oslobođen	197	false	2016-01-21 11:53:51.000000	2016-01-21 11:53:51.000000
52	poslato	198	false	2016-01-21 11:58:52.000000	2016-01-21 11:58:52.000000
52	skriveno	199	false	2016-01-21 11:58:52.000000	2016-01-21 11:58:52.000000
52	zabranjeno	200	false	2016-01-21 11:58:52.000000	2016-01-21 11:58:52.000000
52	odobreno	201	true	2016-01-21 11:58:52.000000	2016-01-21 11:58:52.000000
53	odustati	202	true	2016-01-21 12:02:32.000000	2016-01-21 12:02:32.000000
53	nastaviti	203	false	2016-01-21 12:02:32.000000	2016-01-21 12:02:32.000000
53	osigurati	204	false	2016-01-21 12:02:32.000000	2016-01-21 12:02:32.000000
53	početi	205	false	2016-01-21 12:02:32.000000	2016-01-21 12:02:32.000000
54	zaustavljanje	206	false	2016-01-21 12:04:45.000000	2016-01-21 12:04:45.000000
54	lečenje	207	false	2016-01-21 12:04:45.000000	2016-01-21 12:04:45.000000
54	provodadžisanje	208	true	2016-01-21 12:04:45.000000	2016-01-21 12:04:45.000000
54	spelovanje	209	false	2016-01-21 12:04:45.000000	2016-01-21 12:04:45.000000
55	primedba	210	false	2016-01-21 13:52:28.000000	2016-01-21 13:52:28.000000
55	dodatak	211	true	2016-01-21 13:52:28.000000	2016-01-21 13:52:28.000000
55	zaključak	212	false	2016-01-21 13:52:28.000000	2016-01-21 13:52:28.000000
55	naslov	213	false	2016-01-21 13:52:28.000000	2016-01-21 13:52:28.000000
56	upućivanje	214	true	2016-01-21 13:56:15.000000	2016-01-21 13:56:15.000000
56	odgovaraju	215	false	2016-01-21 13:56:15.000000	2016-01-21 13:56:15.000000
56	dostavljati	216	false	2016-01-21 13:56:15.000000	2016-01-21 13:56:15.000000
56	premeštati	217	false	2016-01-21 13:56:15.000000	2016-01-21 13:56:15.000000
6	narušava	22	true	2016-01-19 17:32:16.000000	2016-01-19 17:32:16.000000
57	sramotan	218	true	2016-01-24 12:50:24.000000	2016-01-24 12:50:24.000000
57	mramoran	219	false	2016-01-24 12:50:24.000000	2016-01-24 12:50:24.000000
57	umoran	220	false	2016-01-24 12:50:24.000000	2016-01-24 12:50:24.000000
57	smotan	221	false	2016-01-24 12:50:24.000000	2016-01-24 12:50:24.000000
58	provala	222	true	2016-01-24 12:51:10.000000	2016-01-24 12:51:10.000000
58	prevara	223	false	2016-01-24 12:51:10.000000	2016-01-24 12:51:10.000000
58	uvala	224	false	2016-01-24 12:51:10.000000	2016-01-24 12:51:10.000000
58	kobila	225	false	2016-01-24 12:51:10.000000	2016-01-24 12:51:10.000000
59	komarac	226	true	2016-01-24 12:52:54.000000	2016-01-24 12:52:54.000000
59	mornar	227	false	2016-01-24 12:52:54.000000	2016-01-24 12:52:54.000000
59	musliman	228	false	2016-01-24 12:52:54.000000	2016-01-24 12:52:54.000000
59	obraz	229	false	2016-01-24 12:52:54.000000	2016-01-24 12:52:54.000000
60	bore	230	true	2016-01-24 12:53:49.000000	2016-01-24 12:53:49.000000
60	članci	231	false	2016-01-24 12:53:49.000000	2016-01-24 12:53:49.000000
60	kopita	232	false	2016-01-24 12:53:49.000000	2016-01-24 12:53:49.000000
60	sedla	233	false	2016-01-24 12:53:49.000000	2016-01-24 12:53:49.000000
61	promeniti	234	true	2016-01-24 12:54:27.000000	2016-01-24 12:54:27.000000
61	oltar	235	false	2016-01-24 12:54:27.000000	2016-01-24 12:54:27.000000
61	malter	236	false	2016-01-24 12:54:27.000000	2016-01-24 12:54:27.000000
61	visina	237	false	2016-01-24 12:54:27.000000	2016-01-24 12:54:27.000000
62	ličiti	238	true	2016-01-24 12:55:04.000000	2016-01-24 12:55:04.000000
62	sastaviti	239	false	2016-01-24 12:55:04.000000	2016-01-24 12:55:04.000000
62	rastaviti	240	false	2016-01-24 12:55:04.000000	2016-01-24 12:55:04.000000
62	okupiti	241	false	2016-01-24 12:55:04.000000	2016-01-24 12:55:04.000000
64	neodređeno	242	true	2016-01-24 12:56:34.000000	2016-01-24 12:56:34.000000
64	nikad	243	false	2016-01-24 12:56:34.000000	2016-01-24 12:56:34.000000
64	nikako	244	false	2016-01-24 12:56:34.000000	2016-01-24 12:56:34.000000
64	svakako	245	false	2016-01-24 12:56:34.000000	2016-01-24 12:56:34.000000
65	zarazan	246	true	2016-01-24 12:57:24.000000	2016-01-24 12:57:24.000000
65	svestan	247	false	2016-01-24 12:57:24.000000	2016-01-24 12:57:24.000000
65	umoran	248	false	2016-01-24 12:57:24.000000	2016-01-24 12:57:24.000000
65	kontuzovan	249	false	2016-01-24 12:57:24.000000	2016-01-24 12:57:24.000000
66	ozbiljan	250	true	2016-01-24 12:57:53.000000	2016-01-24 12:57:53.000000
66	serumi	251	false	2016-01-24 12:57:53.000000	2016-01-24 12:57:53.000000
66	glasine	252	false	2016-01-24 12:57:53.000000	2016-01-24 12:57:53.000000
66	serijski	253	false	2016-01-24 12:57:53.000000	2016-01-24 12:57:53.000000
67	nasledno	254	true	2016-01-24 13:00:06.000000	2016-01-24 13:00:06.000000
67	napokon	255	false	2016-01-24 13:00:06.000000	2016-01-24 13:00:06.000000
67	obično	256	false	2016-01-24 13:00:06.000000	2016-01-24 13:00:06.000000
67	jeretički	257	false	2016-01-24 13:00:06.000000	2016-01-24 13:00:06.000000
68	operacija	258	true	2016-01-24 13:00:46.000000	2016-01-24 13:00:46.000000
68	surogat	259	false	2016-01-24 13:00:46.000000	2016-01-24 13:00:46.000000
68	plašt	260	false	2016-01-24 13:00:46.000000	2016-01-24 13:00:46.000000
68	soja	261	false	2016-01-24 13:00:46.000000	2016-01-24 13:00:46.000000
69	nokat	262	false	2016-01-24 13:01:16.000000	2016-01-24 13:01:16.000000
69	tkivo	263	true	2016-01-24 13:01:16.000000	2016-01-24 13:01:16.000000
69	vilica	264	false	2016-01-24 13:01:16.000000	2016-01-24 13:01:16.000000
69	mašna	265	false	2016-01-24 13:01:16.000000	2016-01-24 13:01:16.000000
70	nosioci	266	true	2016-01-24 13:01:58.000000	2016-01-24 13:01:58.000000
70	kočije	267	false	2016-01-24 13:01:58.000000	2016-01-24 13:01:58.000000
70	kečige	268	false	2016-01-24 13:01:58.000000	2016-01-24 13:01:58.000000
70	krvnici	269	false	2016-01-24 13:01:58.000000	2016-01-24 13:01:58.000000
72	dalek	270	true	2016-01-24 16:38:01.000000	2016-01-24 16:38:01.000000
72	blizu	271	false	2016-01-24 16:38:01.000000	2016-01-24 16:38:01.000000
72	disident	272	false	2016-01-24 16:38:01.000000	2016-01-24 16:38:01.000000
72	drugačiji	273	false	2016-01-24 16:38:01.000000	2016-01-24 16:38:01.000000
73	srdačno	274	false	2016-01-24 16:38:34.000000	2016-01-24 16:38:34.000000
73	iskreno	275	true	2016-01-24 16:38:34.000000	2016-01-24 16:38:34.000000
73	lažno	276	false	2016-01-24 16:38:34.000000	2016-01-24 16:38:34.000000
73	žalosno	277	false	2016-01-24 16:38:34.000000	2016-01-24 16:38:34.000000
74	to mi odgovara	278	true	2016-01-24 16:39:27.000000	2016-01-24 16:39:27.000000
74	to me umara	279	false	2016-01-24 16:39:27.000000	2016-01-24 16:39:27.000000
74	to me žesti	280	false	2016-01-24 16:39:27.000000	2016-01-24 16:39:27.000000
74	to mi smeta	281	false	2016-01-24 16:39:27.000000	2016-01-24 16:39:27.000000
75	uključujući	282	true	2016-01-24 16:40:04.000000	2016-01-24 16:40:04.000000
75	izuzev	283	false	2016-01-24 16:40:04.000000	2016-01-24 16:40:04.000000
75	sem	284	false	2016-01-24 16:40:04.000000	2016-01-24 16:40:04.000000
75	drugo	285	false	2016-01-24 16:40:04.000000	2016-01-24 16:40:04.000000
76	oduševljen	286	true	2016-01-24 16:40:31.000000	2016-01-24 16:40:31.000000
76	uzbuđen	287	false	2016-01-24 16:40:31.000000	2016-01-24 16:40:31.000000
76	razočaran	288	false	2016-01-24 16:40:31.000000	2016-01-24 16:40:31.000000
76	osion	289	false	2016-01-24 16:40:31.000000	2016-01-24 16:40:31.000000
77	u ime	290	true	2016-01-24 16:41:08.000000	2016-01-24 16:41:08.000000
77	svi	291	false	2016-01-24 16:41:08.000000	2016-01-24 16:41:08.000000
77	polovično	292	false	2016-01-24 16:41:08.000000	2016-01-24 16:41:08.000000
77	neki	293	false	2016-01-24 16:41:08.000000	2016-01-24 16:41:08.000000
78	amater	294	true	2016-01-24 16:41:33.000000	2016-01-24 16:41:33.000000
78	kovač	295	false	2016-01-24 16:41:33.000000	2016-01-24 16:41:33.000000
78	imitator	296	false	2016-01-24 16:41:33.000000	2016-01-24 16:41:33.000000
78	armirač	297	false	2016-01-24 16:41:33.000000	2016-01-24 16:41:33.000000
79	nazad	298	false	2016-01-24 16:41:49.000000	2016-01-24 16:41:49.000000
79	levo	299	false	2016-01-24 16:41:49.000000	2016-01-24 16:41:49.000000
79	desno	300	false	2016-01-24 16:41:49.000000	2016-01-24 16:41:49.000000
79	napred	301	true	2016-01-24 16:41:49.000000	2016-01-24 16:41:49.000000
80	slagati se	302	true	2016-01-24 16:42:29.000000	2016-01-24 16:42:29.000000
80	otići	303	false	2016-01-24 16:42:29.000000	2016-01-24 16:42:29.000000
80	pronaći	304	false	2016-01-24 16:42:29.000000	2016-01-24 16:42:29.000000
80	uhvatiti	305	false	2016-01-24 16:42:29.000000	2016-01-24 16:42:29.000000
81	nadoknaditi	306	true	2016-01-24 16:43:04.000000	2016-01-24 16:43:04.000000
81	kečap	307	false	2016-01-24 16:43:04.000000	2016-01-24 16:43:04.000000
81	popeti se	308	false	2016-01-24 16:43:04.000000	2016-01-24 16:43:04.000000
81	pojuriti	309	false	2016-01-24 16:43:04.000000	2016-01-24 16:43:04.000000
82	okupiti	310	true	2016-01-24 16:43:41.000000	2016-01-24 16:43:41.000000
82	uhvatiti	311	false	2016-01-24 16:43:41.000000	2016-01-24 16:43:41.000000
82	odneti	312	false	2016-01-24 16:43:41.000000	2016-01-24 16:43:41.000000
82	doneti	313	false	2016-01-24 16:43:41.000000	2016-01-24 16:43:41.000000
83	komšije	314	true	2016-01-24 16:44:18.000000	2016-01-24 16:44:18.000000
83	neprijatelji	315	false	2016-01-24 16:44:18.000000	2016-01-24 16:44:18.000000
83	sudije	316	false	2016-01-24 16:44:18.000000	2016-01-24 16:44:18.000000
83	vojnici	317	false	2016-01-24 16:44:18.000000	2016-01-24 16:44:18.000000
84	istražiti	318	true	2016-01-24 16:45:09.000000	2016-01-24 16:45:09.000000
84	isploviti	319	false	2016-01-24 16:45:09.000000	2016-01-24 16:45:09.000000
84	eksploatisati	320	false	2016-01-24 16:45:09.000000	2016-01-24 16:45:09.000000
84	eksplodirati	321	false	2016-01-24 16:45:09.000000	2016-01-24 16:45:09.000000
85	naopačke	322	true	2016-01-24 16:46:29.000000	2016-01-24 16:46:29.000000
85	gore dole	323	false	2016-01-24 16:46:29.000000	2016-01-24 16:46:29.000000
85	preko brda	324	false	2016-01-24 16:46:29.000000	2016-01-24 16:46:29.000000
85	ispod	325	false	2016-01-24 16:46:29.000000	2016-01-24 16:46:29.000000
86	istopljen	326	true	2016-01-24 16:47:08.000000	2016-01-24 16:47:08.000000
86	izmalterisan	327	false	2016-01-24 16:47:08.000000	2016-01-24 16:47:08.000000
86	uglađen	328	false	2016-01-24 16:47:08.000000	2016-01-24 16:47:08.000000
86	ispoliran	329	false	2016-01-24 16:47:08.000000	2016-01-24 16:47:08.000000
87	pukotina	330	true	2016-01-24 16:49:09.000000	2016-01-24 16:49:09.000000
87	kriket	331	false	2016-01-24 16:49:09.000000	2016-01-24 16:49:09.000000
87	žaba	332	false	2016-01-24 16:49:09.000000	2016-01-24 16:49:09.000000
87	cvrčak	333	false	2016-01-24 16:49:09.000000	2016-01-24 16:49:09.000000
88	izvrnuto	334	true	2016-01-24 16:50:09.000000	2016-01-24 16:50:09.000000
88	unutra	335	false	2016-01-24 16:50:09.000000	2016-01-24 16:50:09.000000
88	izaći napolje	336	false	2016-01-24 16:50:09.000000	2016-01-24 16:50:09.000000
88	gore dole	337	false	2016-01-24 16:50:09.000000	2016-01-24 16:50:09.000000
89	pocepan	338	true	2016-01-24 16:50:30.000000	2016-01-24 16:50:30.000000
89	trn	339	false	2016-01-24 16:50:30.000000	2016-01-24 16:50:30.000000
89	surla	340	false	2016-01-24 16:50:30.000000	2016-01-24 16:50:30.000000
89	sirena	341	false	2016-01-24 16:50:30.000000	2016-01-24 16:50:30.000000
90	sumljiv	342	true	2016-01-24 16:51:12.000000	2016-01-24 16:51:12.000000
90	molećiv	343	false	2016-01-24 16:51:12.000000	2016-01-24 16:51:12.000000
90	neumoljiv	344	false	2016-01-24 16:51:12.000000	2016-01-24 16:51:12.000000
90	gadan	345	false	2016-01-24 16:51:12.000000	2016-01-24 16:51:12.000000
91	besmrtnost	346	true	2016-01-24 17:32:15.000000	2016-01-24 17:32:15.000000
91	nemoral	347	false	2016-01-24 17:32:15.000000	2016-01-24 17:32:15.000000
91	hipoteka	348	false	2016-01-24 17:32:15.000000	2016-01-24 17:32:15.000000
91	čovekoljublje	349	false	2016-01-24 17:32:15.000000	2016-01-24 17:32:15.000000
92	prepuno, prenaseljeno	350	true	2016-01-24 17:33:43.000000	2016-01-24 17:33:43.000000
92	skupljeno, okupljeno	351	false	2016-01-24 17:33:43.000000	2016-01-24 17:33:43.000000
92	finansirano, obezbeđeno	352	false	2016-01-24 17:33:43.000000	2016-01-24 17:33:43.000000
92	krunisano, nagrađeno	353	false	2016-01-24 17:33:43.000000	2016-01-24 17:33:43.000000
93	embrioni	354	true	2016-01-24 17:34:18.000000	2016-01-24 17:34:18.000000
93	ciste	355	false	2016-01-24 17:34:18.000000	2016-01-24 17:34:18.000000
93	žlezde	356	false	2016-01-24 17:34:18.000000	2016-01-24 17:34:18.000000
93	bubuljice	357	false	2016-01-24 17:34:18.000000	2016-01-24 17:34:18.000000
94	istrebiti	358	true	2016-01-24 17:34:50.000000	2016-01-24 17:34:50.000000
94	naučiti	359	false	2016-01-24 17:34:50.000000	2016-01-24 17:34:50.000000
94	ukoriti	360	false	2016-01-24 17:34:50.000000	2016-01-24 17:34:50.000000
94	obrisati	361	false	2016-01-24 17:34:50.000000	2016-01-24 17:34:50.000000
95	nazad	362	false	2016-01-24 17:35:20.000000	2016-01-24 17:35:20.000000
95	bol u leđima	363	false	2016-01-24 17:35:20.000000	2016-01-24 17:35:20.000000
95	tada	364	true	2016-01-24 17:35:20.000000	2016-01-24 17:35:20.000000
95	poleđina	365	false	2016-01-24 17:35:20.000000	2016-01-24 17:35:20.000000
96	preterivanje	366	true	2016-01-24 17:36:20.000000	2016-01-24 17:36:20.000000
96	istrebljenje	367	false	2016-01-24 17:36:20.000000	2016-01-24 17:36:20.000000
96	isušivanje	368	false	2016-01-24 17:36:20.000000	2016-01-24 17:36:20.000000
97	palčevi	370	true	2016-01-24 17:36:58.000000	2016-01-24 17:36:58.000000
97	grobovi	371	false	2016-01-24 17:36:58.000000	2016-01-24 17:36:58.000000
97	glupaci	372	false	2016-01-24 17:36:58.000000	2016-01-24 17:36:58.000000
97	nokti	373	false	2016-01-24 17:36:58.000000	2016-01-24 17:36:58.000000
98	neizbežno	374	true	2016-01-24 17:37:43.000000	2016-01-24 17:37:43.000000
98	skoro	375	false	2016-01-24 17:37:43.000000	2016-01-24 17:37:43.000000
98	moguće	376	false	2016-01-24 17:37:43.000000	2016-01-24 17:37:43.000000
98	žalosno	377	false	2016-01-24 17:37:43.000000	2016-01-24 17:37:43.000000
99	pokvariti	378	true	2016-01-24 17:38:18.000000	2016-01-24 17:38:18.000000
99	nađubriti	379	false	2016-01-24 17:38:18.000000	2016-01-24 17:38:18.000000
99	posoliti	380	false	2016-01-24 17:38:18.000000	2016-01-24 17:38:18.000000
99	uviti	381	false	2016-01-24 17:38:18.000000	2016-01-24 17:38:18.000000
100	sporo	382	false	2016-01-24 17:38:46.000000	2016-01-24 17:38:46.000000
100	decimalno	383	false	2016-01-24 17:38:46.000000	2016-01-24 17:38:46.000000
100	teško	384	true	2016-01-24 17:38:46.000000	2016-01-24 17:38:46.000000
100	debelo	385	false	2016-01-24 17:38:46.000000	2016-01-24 17:38:46.000000
101	debelo	386	true	2016-01-24 17:39:01.000000	2016-01-24 17:39:01.000000
101	tesno	387	false	2016-01-24 17:39:01.000000	2016-01-24 17:39:01.000000
101	suvo	388	false	2016-01-24 17:39:01.000000	2016-01-24 17:39:01.000000
101	tanko	389	false	2016-01-24 17:39:01.000000	2016-01-24 17:39:01.000000
102	sigurni ljudi	390	true	2016-01-25 08:30:59.000000	2016-01-25 08:30:59.000000
102	izvesni ljudi	391	false	2016-01-25 08:30:59.000000	2016-01-25 08:30:59.000000
102	oholi ljudi	392	false	2016-01-25 08:30:59.000000	2016-01-25 08:30:59.000000
102	zli ljudi	393	false	2016-01-25 08:30:59.000000	2016-01-25 08:30:59.000000
103	poboljšati	394	true	2016-01-25 08:31:36.000000	2016-01-25 08:31:36.000000
103	odvući	395	false	2016-01-25 08:31:36.000000	2016-01-25 08:31:36.000000
103	odjuriti	396	false	2016-01-25 08:31:36.000000	2016-01-25 08:31:36.000000
103	pojuriti	397	false	2016-01-25 08:31:36.000000	2016-01-25 08:31:36.000000
104	blagostanje	398	true	2016-01-25 08:32:30.000000	2016-01-25 08:32:30.000000
104	dobra bića	399	false	2016-01-25 08:32:30.000000	2016-01-25 08:32:30.000000
104	bunarenje	400	false	2016-01-25 08:32:30.000000	2016-01-25 08:32:30.000000
104	dobrodošlica	401	false	2016-01-25 08:32:30.000000	2016-01-25 08:32:30.000000
105	srećniji	402	true	2016-01-25 08:32:51.000000	2016-01-25 08:32:51.000000
105	opakiji	403	false	2016-01-25 08:32:51.000000	2016-01-25 08:32:51.000000
105	zreliji	404	false	2016-01-25 08:32:51.000000	2016-01-25 08:32:51.000000
105	umorniji	405	false	2016-01-25 08:32:51.000000	2016-01-25 08:32:51.000000
106	nejednak	406	true	2016-01-25 08:34:13.000000	2016-01-25 08:34:13.000000
106	jednak	407	false	2016-01-25 08:34:13.000000	2016-01-25 08:34:13.000000
106	opak	408	false	2016-01-25 08:34:13.000000	2016-01-25 08:34:13.000000
106	neverovatan	409	false	2016-01-25 08:34:13.000000	2016-01-25 08:34:13.000000
107	u zatvorenom	410	true	2016-01-25 08:35:08.000000	2016-01-25 08:35:08.000000
107	kroz vrata	411	false	2016-01-25 08:35:08.000000	2016-01-25 08:35:08.000000
107	unutrašnja vrata	412	false	2016-01-25 08:35:08.000000	2016-01-25 08:35:08.000000
107	na vratima	413	false	2016-01-25 08:35:08.000000	2016-01-25 08:35:08.000000
108	ličiti	414	false	2016-01-25 08:35:38.000000	2016-01-25 08:35:38.000000
108	narediti	415	false	2016-01-25 08:35:38.000000	2016-01-25 08:35:38.000000
108	poređati	416	false	2016-01-25 08:35:38.000000	2016-01-25 08:35:38.000000
108	okupiti	417	true	2016-01-25 08:35:38.000000	2016-01-25 08:35:38.000000
109	supružnik	418	true	2016-01-25 08:36:31.000000	2016-01-25 08:36:31.000000
109	sunđer	419	false	2016-01-25 08:36:31.000000	2016-01-25 08:36:31.000000
109	predpostavka	420	false	2016-01-25 08:36:31.000000	2016-01-25 08:36:31.000000
109	puž	421	false	2016-01-25 08:36:31.000000	2016-01-25 08:36:31.000000
110	uticaj	422	true	2016-01-25 08:37:11.000000	2016-01-25 08:37:11.000000
110	ušće	423	false	2016-01-25 08:37:11.000000	2016-01-25 08:37:11.000000
110	naduvati	424	false	2016-01-25 08:37:11.000000	2016-01-25 08:37:11.000000
110	osvetliti	425	false	2016-01-25 08:37:11.000000	2016-01-25 08:37:11.000000
111	prihvatiti	426	true	2016-01-25 08:38:11.000000	2016-01-25 08:38:11.000000
111	osramotiti	427	false	2016-01-25 08:38:11.000000	2016-01-25 08:38:11.000000
111	pohvaliti	428	false	2016-01-25 08:38:11.000000	2016-01-25 08:38:11.000000
111	pobesneti	429	false	2016-01-25 08:38:11.000000	2016-01-25 08:38:11.000000
112	mrlja	430	true	2016-01-25 08:42:09.000000	2016-01-25 08:42:09.000000
112	istegnuće	431	false	2016-01-25 08:42:09.000000	2016-01-25 08:42:09.000000
112	stenica	432	false	2016-01-25 08:42:09.000000	2016-01-25 08:42:09.000000
112	stanica	433	false	2016-01-25 08:42:09.000000	2016-01-25 08:42:09.000000
113	smanjiti	434	true	2016-01-25 08:42:45.000000	2016-01-25 08:42:45.000000
113	oribati	435	false	2016-01-25 08:42:45.000000	2016-01-25 08:42:45.000000
113	ostrugati	436	false	2016-01-25 08:42:45.000000	2016-01-25 08:42:45.000000
113	oljuštiti	437	false	2016-01-25 08:42:45.000000	2016-01-25 08:42:45.000000
114	odsustvo	438	true	2016-01-25 08:43:35.000000	2016-01-25 08:43:35.000000
114	osuda	439	false	2016-01-25 08:43:35.000000	2016-01-25 08:43:35.000000
114	odustajanje	440	false	2016-01-25 08:43:35.000000	2016-01-25 08:43:35.000000
114	odmazda	441	false	2016-01-25 08:43:35.000000	2016-01-25 08:43:35.000000
115	proizvoljan	442	true	2016-01-25 08:44:10.000000	2016-01-25 08:44:10.000000
115	arbitar	443	false	2016-01-25 08:44:10.000000	2016-01-25 08:44:10.000000
115	sudija	444	false	2016-01-25 08:44:10.000000	2016-01-25 08:44:10.000000
115	precizan	445	false	2016-01-25 08:44:10.000000	2016-01-25 08:44:10.000000
116	prerasti	446	true	2016-01-25 08:45:03.000000	2016-01-25 08:45:03.000000
116	porasti	447	false	2016-01-25 08:45:03.000000	2016-01-25 08:45:03.000000
116	odrasti	448	false	2016-01-25 08:45:03.000000	2016-01-25 08:45:03.000000
116	nedorasti	449	false	2016-01-25 08:45:03.000000	2016-01-25 08:45:03.000000
117	suvišno	450	true	2016-01-25 08:45:40.000000	2016-01-25 08:45:40.000000
117	neophodno	451	false	2016-01-25 08:45:40.000000	2016-01-25 08:45:40.000000
117	nesposobno	452	false	2016-01-25 08:45:40.000000	2016-01-25 08:45:40.000000
117	sposobno	453	false	2016-01-25 08:45:40.000000	2016-01-25 08:45:40.000000
118	pešačenje	454	true	2016-01-25 08:46:23.000000	2016-01-25 08:46:23.000000
118	štucanje	455	false	2016-01-25 08:46:23.000000	2016-01-25 08:46:23.000000
118	trubljenje	456	false	2016-01-25 08:46:23.000000	2016-01-25 08:46:23.000000
118	odmaranje	457	false	2016-01-25 08:46:23.000000	2016-01-25 08:46:23.000000
119	strela	458	true	2016-01-25 08:59:49.000000	2016-01-25 08:59:49.000000
119	ravan	459	false	2016-01-25 08:59:49.000000	2016-01-25 08:59:49.000000
119	uzak	460	false	2016-01-25 08:59:49.000000	2016-01-25 08:59:49.000000
119	nered	461	false	2016-01-25 08:59:49.000000	2016-01-25 08:59:49.000000
120	ograničenje	462	true	2016-01-25 09:00:22.000000	2016-01-25 09:00:22.000000
120	veza	463	false	2016-01-25 09:00:22.000000	2016-01-25 09:00:22.000000
120	davljenje	464	false	2016-01-25 09:00:22.000000	2016-01-25 09:00:22.000000
120	zavera	465	false	2016-01-25 09:00:22.000000	2016-01-25 09:00:22.000000
121	smisleno	466	true	2016-01-25 09:01:06.000000	2016-01-25 09:01:06.000000
121	ravnodušno	467	false	2016-01-25 09:01:06.000000	2016-01-25 09:01:06.000000
121	beznačajno	468	false	2016-01-25 09:01:06.000000	2016-01-25 09:01:06.000000
121	mirno	469	false	2016-01-25 09:01:06.000000	2016-01-25 09:01:06.000000
122	prednost	470	true	2016-01-25 09:01:42.000000	2016-01-25 09:01:42.000000
122	nadogradnja	471	false	2016-01-25 09:01:42.000000	2016-01-25 09:01:42.000000
122	ubrzanje	472	false	2016-01-25 09:01:42.000000	2016-01-25 09:01:42.000000
122	sreća	473	false	2016-01-25 09:01:42.000000	2016-01-25 09:01:42.000000
123	tražiti	474	true	2016-01-25 09:02:25.000000	2016-01-25 09:02:25.000000
123	viđati	475	false	2016-01-25 09:02:25.000000	2016-01-25 09:02:25.000000
123	izazivati	476	false	2016-01-25 09:02:25.000000	2016-01-25 09:02:25.000000
124	zagrade	478	true	2016-01-25 09:02:57.000000	2016-01-25 09:02:57.000000
124	roditeljstvo	479	false	2016-01-25 09:02:57.000000	2016-01-25 09:02:57.000000
124	glavna teza	480	false	2016-01-25 09:02:57.000000	2016-01-25 09:02:57.000000
124	srodnici	481	false	2016-01-25 09:02:57.000000	2016-01-25 09:02:57.000000
123	viriti	477	false	2016-01-25 09:02:25.000000	2016-01-25 09:02:25.000000
125	kupovina	482	true	2016-01-25 09:03:35.000000	2016-01-25 09:03:35.000000
125	jurnjava	483	false	2016-01-25 09:03:35.000000	2016-01-25 09:03:35.000000
125	bežanje	484	false	2016-01-25 09:03:35.000000	2016-01-25 09:03:35.000000
125	razlog	485	false	2016-01-25 09:03:35.000000	2016-01-25 09:03:35.000000
126	vulgarnost	486	true	2016-01-25 09:04:38.000000	2016-01-25 09:04:38.000000
126	čednost	487	false	2016-01-25 09:04:38.000000	2016-01-25 09:04:38.000000
126	nevinost	488	false	2016-01-25 09:04:38.000000	2016-01-25 09:04:38.000000
126	profesionalnost	489	false	2016-01-25 09:04:38.000000	2016-01-25 09:04:38.000000
127	oznaka	490	true	2016-01-25 09:05:31.000000	2016-01-25 09:05:31.000000
127	vaser-vaga	491	false	2016-01-25 09:05:32.000000	2016-01-25 09:05:32.000000
127	libela	492	false	2016-01-25 09:05:32.000000	2016-01-25 09:05:32.000000
127	nivo	493	false	2016-01-25 09:05:32.000000	2016-01-25 09:05:32.000000
128	preokrenuti	494	true	2016-01-25 09:06:06.000000	2016-01-25 09:06:06.000000
128	revers	495	false	2016-01-25 09:06:06.000000	2016-01-25 09:06:06.000000
128	reveri	496	false	2016-01-25 09:06:06.000000	2016-01-25 09:06:06.000000
128	provežbati	497	false	2016-01-25 09:06:06.000000	2016-01-25 09:06:06.000000
129	odlučiti	498	true	2016-01-25 09:06:35.000000	2016-01-25 09:06:35.000000
129	odlomiti	499	false	2016-01-25 09:06:35.000000	2016-01-25 09:06:35.000000
129	podeliti	500	false	2016-01-25 09:06:35.000000	2016-01-25 09:06:35.000000
129	oprostiti	501	false	2016-01-25 09:06:35.000000	2016-01-25 09:06:35.000000
130	karakteristike	502	true	2016-01-25 09:07:21.000000	2016-01-25 09:07:21.000000
130	replike	503	false	2016-01-25 09:07:21.000000	2016-01-25 09:07:21.000000
130	sitnice	504	false	2016-01-25 09:07:21.000000	2016-01-25 09:07:21.000000
130	delići	505	false	2016-01-25 09:07:21.000000	2016-01-25 09:07:21.000000
131	lav	506	false	2016-01-25 09:07:36.000000	2016-01-25 09:07:36.000000
131	laguna	507	false	2016-01-25 09:07:36.000000	2016-01-25 09:07:36.000000
131	larva	508	false	2016-01-25 09:07:36.000000	2016-01-25 09:07:36.000000
131	lažov	509	true	2016-01-25 09:07:36.000000	2016-01-25 09:07:36.000000
132	prljav veš	510	true	2016-01-25 09:08:14.000000	2016-01-25 09:08:14.000000
132	prevara	511	false	2016-01-25 09:08:14.000000	2016-01-25 09:08:14.000000
132	izmama	512	false	2016-01-25 09:08:14.000000	2016-01-25 09:08:14.000000
132	suva zemlja	513	false	2016-01-25 09:08:14.000000	2016-01-25 09:08:14.000000
133	tvrđava	514	true	2016-01-25 09:08:43.000000	2016-01-25 09:08:43.000000
133	haljina	515	false	2016-01-25 09:08:43.000000	2016-01-25 09:08:43.000000
133	štikla	516	false	2016-01-25 09:08:43.000000	2016-01-25 09:08:43.000000
133	perla	517	false	2016-01-25 09:08:43.000000	2016-01-25 09:08:43.000000
134	metak	518	true	2016-01-25 09:09:12.000000	2016-01-25 09:09:12.000000
134	crtica	519	false	2016-01-25 09:09:12.000000	2016-01-25 09:09:12.000000
134	zarez	520	false	2016-01-25 09:09:12.000000	2016-01-25 09:09:12.000000
134	lepak	521	false	2016-01-25 09:09:12.000000	2016-01-25 09:09:12.000000
135	honorar	522	true	2016-01-25 17:13:12.000000	2016-01-25 17:13:12.000000
135	porez	523	false	2016-01-25 17:13:12.000000	2016-01-25 17:13:12.000000
135	akciza	524	false	2016-01-25 17:13:12.000000	2016-01-25 17:13:12.000000
135	dobit	525	false	2016-01-25 17:13:12.000000	2016-01-25 17:13:12.000000
96	privlačenje	369	false	2016-01-24 17:36:20.000000	2016-01-24 17:36:20.000000
136	ušće	527	true	2016-01-25 18:06:21.000000	2016-01-25 18:06:21.000000
136	uticaj	528	false	2016-01-25 18:06:21.000000	2016-01-25 18:06:21.000000
136	sazvežđe	529	false	2016-01-25 18:06:21.000000	2016-01-25 18:06:21.000000
136	udruženje	530	false	2016-01-25 18:06:21.000000	2016-01-25 18:06:21.000000
137	siromaštvo	531	true	2016-01-25 19:05:36.000000	2016-01-25 19:05:36.000000
137	moć	532	false	2016-01-25 19:05:36.000000	2016-01-25 19:05:36.000000
137	zavist	533	false	2016-01-25 19:05:36.000000	2016-01-25 19:05:36.000000
137	vlasništvo	534	false	2016-01-25 19:05:36.000000	2016-01-25 19:05:36.000000
138	podmlađivanje	535	true	2016-01-25 19:06:32.000000	2016-01-25 19:06:32.000000
138	uklanjanje	536	false	2016-01-25 19:06:32.000000	2016-01-25 19:06:32.000000
138	okupljanje	537	false	2016-01-25 19:06:32.000000	2016-01-25 19:06:32.000000
138	vraćanje	538	false	2016-01-25 19:06:32.000000	2016-01-25 19:06:32.000000
139	uklanjanje	539	true	2016-01-25 19:07:14.000000	2016-01-25 19:07:14.000000
139	upravljanje	540	false	2016-01-25 19:07:14.000000	2016-01-25 19:07:14.000000
139	podmlađivanje	541	false	2016-01-25 19:07:14.000000	2016-01-25 19:07:14.000000
139	obeležavanje	542	false	2016-01-25 19:07:14.000000	2016-01-25 19:07:14.000000
140	očekivan životni vek	543	true	2016-01-25 19:08:33.000000	2016-01-25 19:08:33.000000
140	životna želja	544	false	2016-01-25 19:08:33.000000	2016-01-25 19:08:33.000000
140	težak život	545	false	2016-01-25 19:08:33.000000	2016-01-25 19:08:33.000000
140	očekivanje od života	546	false	2016-01-25 19:08:33.000000	2016-01-25 19:08:33.000000
141	jež	547	false	2016-01-25 19:08:58.000000	2016-01-25 19:08:58.000000
141	jaz	548	true	2016-01-25 19:08:58.000000	2016-01-25 19:08:58.000000
141	triper	549	false	2016-01-25 19:08:58.000000	2016-01-25 19:08:58.000000
141	gepek	550	false	2016-01-25 19:08:58.000000	2016-01-25 19:08:58.000000
142	gušiti	551	true	2016-01-25 20:06:04.000000	2016-01-25 20:06:04.000000
142	štucati	552	false	2016-01-25 20:06:04.000000	2016-01-25 20:06:04.000000
142	duvaniti	553	false	2016-01-25 20:06:04.000000	2016-01-25 20:06:04.000000
142	zajebavati	554	false	2016-01-25 20:06:04.000000	2016-01-25 20:06:04.000000
143	vrtoglavica	555	true	2016-01-25 20:10:38.000000	2016-01-25 20:10:38.000000
143	zezanje	556	false	2016-01-25 20:10:38.000000	2016-01-25 20:10:38.000000
143	žurka	557	false	2016-01-25 20:10:38.000000	2016-01-25 20:10:38.000000
143	hipsteraj	558	false	2016-01-25 20:10:38.000000	2016-01-25 20:10:38.000000
144	nesvestica	559	true	2016-01-25 20:20:14.000000	2016-01-25 20:20:14.000000
144	farba	560	false	2016-01-25 20:20:14.000000	2016-01-25 20:20:14.000000
144	cmizdrenje	561	false	2016-01-25 20:20:14.000000	2016-01-25 20:20:14.000000
144	uhoda	562	false	2016-01-25 20:20:14.000000	2016-01-25 20:20:14.000000
145	iskorenjivanje	563	true	2016-01-26 12:24:31.000000	2016-01-26 12:24:31.000000
145	istrebljenje	564	false	2016-01-26 12:24:31.000000	2016-01-26 12:24:31.000000
145	pročišćavanje	565	false	2016-01-26 12:24:31.000000	2016-01-26 12:24:31.000000
145	vakcinacija	566	false	2016-01-26 12:24:31.000000	2016-01-26 12:24:31.000000
146	membrane	567	false	2016-01-26 12:26:01.000000	2016-01-26 12:26:01.000000
146	jajne ćelije	568	false	2016-01-26 12:26:01.000000	2016-01-26 12:26:01.000000
146	matične ćelije 	569	true	2016-01-26 12:26:01.000000	2016-01-26 12:26:01.000000
146	cevanice	570	false	2016-01-26 12:26:01.000000	2016-01-26 12:26:01.000000
147	male boginje	571	false	2016-01-26 12:27:04.000000	2016-01-26 12:27:04.000000
147	velike boginje	572	true	2016-01-26 12:27:04.000000	2016-01-26 12:27:04.000000
147	infekcije	573	false	2016-01-26 12:27:04.000000	2016-01-26 12:27:04.000000
147	bakterije	574	false	2016-01-26 12:27:04.000000	2016-01-26 12:27:04.000000
148	staračka bolest	575	false	2016-01-26 12:28:06.000000	2016-01-26 12:28:06.000000
148	dečja paraliza	576	true	2016-01-26 12:28:06.000000	2016-01-26 12:28:06.000000
148	bolest pluća	577	false	2016-01-26 12:28:06.000000	2016-01-26 12:28:06.000000
148	osip	578	false	2016-01-26 12:28:06.000000	2016-01-26 12:28:06.000000
149	pogoršati	579	true	2016-01-26 12:28:56.000000	2016-01-26 12:28:56.000000
149	poboljšati	580	false	2016-01-26 12:28:56.000000	2016-01-26 12:28:56.000000
149	dobiti	581	false	2016-01-26 12:28:56.000000	2016-01-26 12:28:56.000000
149	izgubiti	582	false	2016-01-26 12:28:56.000000	2016-01-26 12:28:56.000000
150	nepoverljiv	583	false	2016-01-26 12:29:49.000000	2016-01-26 12:29:49.000000
150	neizvestan	584	true	2016-01-26 12:29:49.000000	2016-01-26 12:29:49.000000
150	sumnja	585	false	2016-01-26 12:29:49.000000	2016-01-26 12:29:49.000000
150	stidljiv	586	false	2016-01-26 12:29:49.000000	2016-01-26 12:29:49.000000
151	zato	587	false	2016-01-26 12:31:03.000000	2016-01-26 12:31:03.000000
151	iako	588	false	2016-01-26 12:31:03.000000	2016-01-26 12:31:03.000000
151	prema	589	false	2016-01-26 12:31:03.000000	2016-01-26 12:31:03.000000
151	kroz	590	true	2016-01-26 12:31:03.000000	2016-01-26 12:31:03.000000
152	naslediti	591	true	2016-01-26 12:31:47.000000	2016-01-26 12:31:47.000000
152	pozajmiti	592	false	2016-01-26 12:31:47.000000	2016-01-26 12:31:47.000000
152	izlagati	593	false	2016-01-26 12:31:47.000000	2016-01-26 12:31:47.000000
152	oboleti	594	false	2016-01-26 12:31:47.000000	2016-01-26 12:31:47.000000
153	novac	595	false	2016-01-26 12:32:37.000000	2016-01-26 12:32:37.000000
153	vrednost	596	true	2016-01-26 12:32:37.000000	2016-01-26 12:32:37.000000
153	iznos	597	false	2016-01-26 12:32:37.000000	2016-01-26 12:32:37.000000
153	povreda	598	false	2016-01-26 12:32:37.000000	2016-01-26 12:32:37.000000
154	mnogo dalje	599	false	2016-01-26 12:33:23.000000	2016-01-26 12:33:23.000000
154	daleko iznad	600	true	2016-01-26 12:33:23.000000	2016-01-26 12:33:23.000000
154	duboko ispod	601	false	2016-01-26 12:33:23.000000	2016-01-26 12:33:23.000000
154	sa strane	602	false	2016-01-26 12:33:23.000000	2016-01-26 12:33:23.000000
155	ispunjenje	603	true	2016-01-26 12:34:27.000000	2016-01-26 12:34:27.000000
155	duboka praznina	604	false	2016-01-26 12:34:27.000000	2016-01-26 12:34:27.000000
155	zavejano	605	false	2016-01-26 12:34:27.000000	2016-01-26 12:34:27.000000
155	osećati	606	false	2016-01-26 12:34:27.000000	2016-01-26 12:34:27.000000
156	siguran	607	false	2016-01-26 12:37:30.000000	2016-01-26 12:37:30.000000
156	pogodan	608	true	2016-01-26 12:37:30.000000	2016-01-26 12:37:30.000000
156	nežan	609	false	2016-01-26 12:37:30.000000	2016-01-26 12:37:30.000000
156	primamljiv	610	false	2016-01-26 12:37:30.000000	2016-01-26 12:37:30.000000
157	koštana srž	611	true	2016-01-26 12:38:15.000000	2016-01-26 12:38:15.000000
157	skočni zglob	612	false	2016-01-26 12:38:15.000000	2016-01-26 12:38:15.000000
157	članak	613	false	2016-01-26 12:38:15.000000	2016-01-26 12:38:15.000000
157	lakat	614	false	2016-01-26 12:38:15.000000	2016-01-26 12:38:15.000000
158	isprazniti	615	false	2016-01-26 12:39:16.000000	2016-01-26 12:39:16.000000
158	ispuniti	616	true	2016-01-26 12:39:16.000000	2016-01-26 12:39:16.000000
158	prokopati	617	false	2016-01-26 12:39:16.000000	2016-01-26 12:39:16.000000
158	iskopati	618	false	2016-01-26 12:39:16.000000	2016-01-26 12:39:16.000000
159	zakoni	619	false	2016-01-26 12:40:00.000000	2016-01-26 12:40:00.000000
159	članovi	620	false	2016-01-26 12:40:00.000000	2016-01-26 12:40:00.000000
159	sudije	621	false	2016-01-26 12:40:00.000000	2016-01-26 12:40:00.000000
159	sudovi	622	true	2016-01-26 12:40:00.000000	2016-01-26 12:40:00.000000
160	krenuti	623	true	2016-01-26 12:41:03.000000	2016-01-26 12:41:03.000000
160	sesti	624	false	2016-01-26 12:41:03.000000	2016-01-26 12:41:03.000000
160	pauzirati	625	false	2016-01-26 12:41:03.000000	2016-01-26 12:41:03.000000
160	pozicionirati	626	false	2016-01-26 12:41:03.000000	2016-01-26 12:41:03.000000
161	argument	627	false	2016-01-26 12:42:26.000000	2016-01-26 12:42:26.000000
161	raspravljati	628	true	2016-01-26 12:42:26.000000	2016-01-26 12:42:26.000000
161	dokazati	629	false	2016-01-26 12:42:26.000000	2016-01-26 12:42:26.000000
161	pokazati	630	false	2016-01-26 12:42:26.000000	2016-01-26 12:42:26.000000
162	preko	631	false	2016-01-26 12:43:04.000000	2016-01-26 12:43:04.000000
162	pozadi	632	false	2016-01-26 12:43:04.000000	2016-01-26 12:43:04.000000
162	nasuprot	633	true	2016-01-26 12:43:04.000000	2016-01-26 12:43:04.000000
162	ispod	634	false	2016-01-26 12:43:04.000000	2016-01-26 12:43:04.000000
163	zaključivanje	635	true	2016-01-26 14:38:16.000000	2016-01-26 14:38:16.000000
163	odlučivanje	636	false	2016-01-26 14:38:16.000000	2016-01-26 14:38:16.000000
163	pretpostavljanje	637	false	2016-01-26 14:38:16.000000	2016-01-26 14:38:16.000000
163	obavezivanje	638	false	2016-01-26 14:38:16.000000	2016-01-26 14:38:16.000000
164	bolesti	639	false	2016-01-26 14:38:50.000000	2016-01-26 14:38:50.000000
164	dosada	640	true	2016-01-26 14:38:50.000000	2016-01-26 14:38:50.000000
164	buve	641	false	2016-01-26 14:38:50.000000	2016-01-26 14:38:50.000000
164	nervoza	642	false	2016-01-26 14:38:50.000000	2016-01-26 14:38:50.000000
165	nepoverljiv	643	false	2016-01-26 14:39:29.000000	2016-01-26 14:39:29.000000
165	nestabilan	644	false	2016-01-26 14:39:29.000000	2016-01-26 14:39:29.000000
165	pouzdan	645	true	2016-01-26 14:39:29.000000	2016-01-26 14:39:29.000000
165	nepouzdan	646	false	2016-01-26 14:39:29.000000	2016-01-26 14:39:29.000000
166	zaključak	647	false	2016-01-26 14:40:13.000000	2016-01-26 14:40:13.000000
166	naslov	648	false	2016-01-26 14:40:13.000000	2016-01-26 14:40:13.000000
166	uvod	649	false	2016-01-26 14:40:13.000000	2016-01-26 14:40:13.000000
166	pretpostavka	650	true	2016-01-26 14:40:13.000000	2016-01-26 14:40:13.000000
167	razdragan	651	false	2016-01-26 14:41:09.000000	2016-01-26 14:41:09.000000
167	veseo	652	false	2016-01-26 14:41:09.000000	2016-01-26 14:41:09.000000
167	ljubazan	653	false	2016-01-26 14:41:09.000000	2016-01-26 14:41:09.000000
167	pronicljiv	654	true	2016-01-26 14:41:09.000000	2016-01-26 14:41:09.000000
168	pouzdan	655	false	2016-01-27 10:24:02.000000	2016-01-27 10:24:02.000000
168	hrabar	656	false	2016-01-27 10:24:02.000000	2016-01-27 10:24:02.000000
168	bezopasan	657	true	2016-01-27 10:24:02.000000	2016-01-27 10:24:02.000000
168	ranjiv	658	false	2016-01-27 10:24:02.000000	2016-01-27 10:24:02.000000
169	pristrasan	659	true	2016-01-27 10:25:15.000000	2016-01-27 10:25:15.000000
169	blažen	660	false	2016-01-27 10:25:15.000000	2016-01-27 10:25:15.000000
169	objektivan	661	false	2016-01-27 10:25:15.000000	2016-01-27 10:25:15.000000
169	iskren	662	false	2016-01-27 10:25:15.000000	2016-01-27 10:25:15.000000
170	prognozer	663	true	2016-01-27 10:33:21.000000	2016-01-27 10:33:21.000000
170	šumar	664	false	2016-01-27 10:33:21.000000	2016-01-27 10:33:21.000000
170	baštovan	665	false	2016-01-27 10:33:21.000000	2016-01-27 10:33:21.000000
170	forenzičar	666	false	2016-01-27 10:33:21.000000	2016-01-27 10:33:21.000000
171	zapamćeni	667	false	2016-01-27 10:40:18.000000	2016-01-27 10:40:18.000000
171	preostalih	668	true	2016-01-27 10:40:18.000000	2016-01-27 10:40:18.000000
171	obeležanih	669	false	2016-01-27 10:40:18.000000	2016-01-27 10:40:18.000000
171	završenih	670	false	2016-01-27 10:40:18.000000	2016-01-27 10:40:18.000000
172	zbog	671	false	2016-01-27 10:41:12.000000	2016-01-27 10:41:12.000000
172	zato	672	false	2016-01-27 10:41:12.000000	2016-01-27 10:41:12.000000
172	usled	673	true	2016-01-27 10:41:12.000000	2016-01-27 10:41:12.000000
172	iako	674	false	2016-01-27 10:41:12.000000	2016-01-27 10:41:12.000000
173	iako	675	false	2016-01-27 10:41:48.000000	2016-01-27 10:41:48.000000
173	zbog	676	false	2016-01-27 10:41:48.000000	2016-01-27 10:41:48.000000
173	nakon	677	false	2016-01-27 10:41:48.000000	2016-01-27 10:41:48.000000
173	da li	678	true	2016-01-27 10:41:48.000000	2016-01-27 10:41:48.000000
174	primenljiv	679	true	2016-01-27 10:52:57.000000	2016-01-27 10:52:57.000000
174	obnovljiv	680	false	2016-01-27 10:52:57.000000	2016-01-27 10:52:57.000000
174	sumnjiv	681	false	2016-01-27 10:52:57.000000	2016-01-27 10:52:57.000000
174	primljen	682	false	2016-01-27 10:52:57.000000	2016-01-27 10:52:57.000000
175	mnogo važno	683	false	2016-01-27 10:54:50.000000	2016-01-27 10:54:50.000000
175	mnogim pitanjima	684	true	2016-01-27 10:54:50.000000	2016-01-27 10:54:50.000000
175	mnogim događajima	685	false	2016-01-27 10:54:50.000000	2016-01-27 10:54:50.000000
175	mnogim stvarima	686	false	2016-01-27 10:54:50.000000	2016-01-27 10:54:50.000000
176	zamišljenost	687	false	2016-01-27 11:22:43.000000	2016-01-27 11:22:43.000000
176	pokrivenost	688	true	2016-01-27 11:22:43.000000	2016-01-27 11:22:43.000000
176	umišljenost	689	false	2016-01-27 11:22:43.000000	2016-01-27 11:22:43.000000
176	zainteresovanost	690	false	2016-01-27 11:22:43.000000	2016-01-27 11:22:43.000000
177	imenovano	691	false	2016-01-27 11:23:40.000000	2016-01-27 11:23:40.000000
177	ciljano ka	692	true	2016-01-27 11:23:40.000000	2016-01-27 11:23:40.000000
177	udaljeno	693	false	2016-01-27 11:23:40.000000	2016-01-27 11:23:40.000000
177	provučeno	694	false	2016-01-27 11:23:40.000000	2016-01-27 11:23:40.000000
178	afere	695	false	2016-01-27 11:25:30.000000	2016-01-27 11:25:30.000000
178	trenutni zadaci	696	false	2016-01-27 11:25:30.000000	2016-01-27 11:25:30.000000
178	aktuelni događaji	697	true	2016-01-27 11:25:30.000000	2016-01-27 11:25:30.000000
178	aktuelne vesti	698	false	2016-01-27 11:25:30.000000	2016-01-27 11:25:30.000000
179	sjajan	699	true	2016-01-27 11:29:57.000000	2016-01-27 11:29:57.000000
179	divan	700	false	2016-01-27 11:29:57.000000	2016-01-27 11:29:57.000000
179	veliki	701	false	2016-01-27 11:29:57.000000	2016-01-27 11:29:57.000000
179	obiman	702	false	2016-01-27 11:29:57.000000	2016-01-27 11:29:57.000000
180	podnaslovi	703	false	2016-01-27 11:31:37.000000	2016-01-27 11:31:37.000000
180	uvodi	704	false	2016-01-27 11:31:37.000000	2016-01-27 11:31:37.000000
180	naslovi	705	true	2016-01-27 11:31:37.000000	2016-01-27 11:31:37.000000
180	zaključci	706	false	2016-01-27 11:31:37.000000	2016-01-27 11:31:37.000000
181	podesiti	707	true	2016-01-27 11:32:30.000000	2016-01-27 11:32:30.000000
181	navići	708	false	2016-01-27 11:32:30.000000	2016-01-27 11:32:30.000000
181	odvući	709	false	2016-01-27 11:32:30.000000	2016-01-27 11:32:30.000000
181	povući	710	false	2016-01-27 11:32:30.000000	2016-01-27 11:32:30.000000
182	nameštaj	711	false	2016-01-27 11:33:31.000000	2016-01-27 11:33:31.000000
182	odlika	712	true	2016-01-27 11:33:31.000000	2016-01-27 11:33:31.000000
182	osobina	713	false	2016-01-27 11:33:31.000000	2016-01-27 11:33:31.000000
182	opis	714	false	2016-01-27 11:33:31.000000	2016-01-27 11:33:31.000000
183	polica	715	true	2016-01-27 11:34:28.000000	2016-01-27 11:34:28.000000
183	ormar	716	false	2016-01-27 11:34:28.000000	2016-01-27 11:34:28.000000
183	komoda	717	false	2016-01-27 11:34:28.000000	2016-01-27 11:34:28.000000
183	ogledalo	718	false	2016-01-27 11:34:28.000000	2016-01-27 11:34:28.000000
184	ocena	719	false	2016-01-27 11:36:17.000000	2016-01-27 11:36:17.000000
184	ucena	720	false	2016-01-27 11:36:17.000000	2016-01-27 11:36:17.000000
184	primedba	721	true	2016-01-27 11:36:17.000000	2016-01-27 11:36:17.000000
184	laganje	722	false	2016-01-27 11:36:17.000000	2016-01-27 11:36:17.000000
185	osećajan	723	false	2016-01-27 11:37:06.000000	2016-01-27 11:37:06.000000
185	glup	724	false	2016-01-27 11:37:06.000000	2016-01-27 11:37:06.000000
185	svestan	725	true	2016-01-27 11:37:06.000000	2016-01-27 11:37:06.000000
185	smešan	726	false	2016-01-27 11:37:06.000000	2016-01-27 11:37:06.000000
186	supružnici	727	false	2016-01-28 09:36:14.000000	2016-01-28 09:36:14.000000
186	suprotne strane	728	false	2016-01-28 09:36:14.000000	2016-01-28 09:36:14.000000
186	protivnici	729	true	2016-01-28 09:36:14.000000	2016-01-28 09:36:14.000000
186	logoraši	730	false	2016-01-28 09:36:14.000000	2016-01-28 09:36:14.000000
187	u zabludi	731	true	2016-01-28 09:38:47.000000	2016-01-28 09:38:47.000000
187	greška	732	false	2016-01-28 09:38:47.000000	2016-01-28 09:38:47.000000
187	misterija	733	false	2016-01-28 09:38:47.000000	2016-01-28 09:38:47.000000
187	govor	734	false	2016-01-28 09:38:47.000000	2016-01-28 09:38:47.000000
188	rashod	735	false	2016-02-01 11:41:12.000000	2016-02-01 11:41:12.000000
188	porez	736	false	2016-02-01 11:41:12.000000	2016-02-01 11:41:12.000000
188	doprinos	737	true	2016-02-01 11:41:12.000000	2016-02-01 11:41:12.000000
188	franšiza	738	false	2016-02-01 11:41:12.000000	2016-02-01 11:41:12.000000
189	prihod	739	true	2016-02-01 11:42:09.000000	2016-02-01 11:42:09.000000
189	rashod	740	false	2016-02-01 11:42:09.000000	2016-02-01 11:42:09.000000
189	kupci	741	false	2016-02-01 11:42:09.000000	2016-02-01 11:42:09.000000
189	prodato	742	false	2016-02-01 11:42:09.000000	2016-02-01 11:42:09.000000
190	uključiti	743	false	2016-02-01 11:47:19.000000	2016-02-01 11:47:19.000000
190	isključiti	744	true	2016-02-01 11:47:19.000000	2016-02-01 11:47:19.000000
190	dobaciti	745	false	2016-02-01 11:47:19.000000	2016-02-01 11:47:19.000000
190	odbaciti	746	false	2016-02-01 11:47:19.000000	2016-02-01 11:47:19.000000
191	izlaz	747	true	2016-02-01 11:57:03.000000	2016-02-01 11:57:03.000000
191	kraj	748	false	2016-02-01 11:57:03.000000	2016-02-01 11:57:03.000000
191	rashod	749	false	2016-02-01 11:57:03.000000	2016-02-01 11:57:03.000000
191	početak	750	false	2016-02-01 11:57:03.000000	2016-02-01 11:57:03.000000
192	sabran	751	false	2016-02-01 11:59:31.000000	2016-02-01 11:59:31.000000
192	raščlanjen	752	false	2016-02-01 11:59:31.000000	2016-02-01 11:59:31.000000
192	pomnožen	753	false	2016-02-01 11:59:31.000000	2016-02-01 11:59:31.000000
192	podeljen	754	true	2016-02-01 11:59:31.000000	2016-02-01 11:59:31.000000
193	predeo	755	false	2016-02-01 13:19:31.000000	2016-02-01 13:19:31.000000
193	podela	756	true	2016-02-01 13:19:31.000000	2016-02-01 13:19:31.000000
193	vidik	757	false	2016-02-01 13:19:31.000000	2016-02-01 13:19:31.000000
193	okupljanje	758	false	2016-02-01 13:19:31.000000	2016-02-01 13:19:31.000000
194	iznad	759	true	2016-02-01 13:36:08.000000	2016-02-01 13:36:08.000000
194	ispod	760	false	2016-02-01 13:36:08.000000	2016-02-01 13:36:08.000000
194	levo	761	false	2016-02-01 13:36:08.000000	2016-02-01 13:36:08.000000
194	desno	762	false	2016-02-01 13:36:08.000000	2016-02-01 13:36:08.000000
195	dodavanje	763	false	2016-02-01 15:09:22.000000	2016-02-01 15:09:22.000000
195	oduzimanje	764	true	2016-02-01 15:09:22.000000	2016-02-01 15:09:22.000000
195	množenje	765	false	2016-02-01 15:09:22.000000	2016-02-01 15:09:22.000000
195	deljenje	766	false	2016-02-01 15:09:22.000000	2016-02-01 15:09:22.000000
196	ishod 	767	true	2016-02-05 09:43:21.000000	2016-02-05 09:43:21.000000
196	izlaz	768	false	2016-02-05 09:43:21.000000	2016-02-05 09:43:21.000000
196	ulaz	769	false	2016-02-05 09:43:21.000000	2016-02-05 09:43:21.000000
196	auto	770	false	2016-02-05 09:43:21.000000	2016-02-05 09:43:21.000000
197	nerešeno	771	true	2016-02-05 09:49:49.000000	2016-02-05 09:49:49.000000
197	rešeno	772	false	2016-02-05 09:49:49.000000	2016-02-05 09:49:49.000000
197	jezik	773	false	2016-02-05 09:49:49.000000	2016-02-05 09:49:49.000000
197	bomba	774	false	2016-02-05 09:49:49.000000	2016-02-05 09:49:49.000000
198	petlje 	775	true	2016-02-05 12:14:50.000000	2016-02-05 12:14:50.000000
198	nebo	776	false	2016-02-05 12:14:50.000000	2016-02-05 12:14:50.000000
198	zvezde	777	false	2016-02-05 12:14:50.000000	2016-02-05 12:14:50.000000
198	konac	778	false	2016-02-05 12:14:50.000000	2016-02-05 12:14:50.000000
199	doci	779	false	2016-02-05 13:02:11.000000	2016-02-05 13:02:11.000000
199	koracima	780	true	2016-02-05 13:02:11.000000	2016-02-05 13:02:11.000000
199	dodati	781	false	2016-02-05 13:02:11.000000	2016-02-05 13:02:11.000000
199	oduzeti	782	false	2016-02-05 13:02:11.000000	2016-02-05 13:02:11.000000
200	kikiriki	783	true	2016-02-05 13:17:23.000000	2016-02-05 13:17:23.000000
200	smokva	784	false	2016-02-05 13:17:23.000000	2016-02-05 13:17:23.000000
200	brusnica	785	false	2016-02-05 13:17:23.000000	2016-02-05 13:17:23.000000
200	pihtije	786	false	2016-02-05 13:17:23.000000	2016-02-05 13:17:23.000000
201	dostigne	787	true	2016-02-05 14:41:34.000000	2016-02-05 14:41:34.000000
201	pravo	788	false	2016-02-05 14:41:34.000000	2016-02-05 14:41:34.000000
201	krivo	789	false	2016-02-05 14:41:34.000000	2016-02-05 14:41:34.000000
201	lako	790	false	2016-02-05 14:41:34.000000	2016-02-05 14:41:34.000000
202	inteligentno vickast	791	true	2016-02-07 12:10:23.000000	2016-02-07 12:10:23.000000
202	bičast	792	false	2016-02-07 12:10:23.000000	2016-02-07 12:10:23.000000
202	plahovit	793	false	2016-02-07 12:10:23.000000	2016-02-07 12:10:23.000000
202	vretenasto rastegljiv	794	false	2016-02-07 12:10:23.000000	2016-02-07 12:10:23.000000
203	motivacija	795	true	2016-02-07 12:12:32.000000	2016-02-07 12:12:32.000000
203	inicijativa	796	false	2016-02-07 12:12:32.000000	2016-02-07 12:12:32.000000
203	trag	797	false	2016-02-07 12:12:32.000000	2016-02-07 12:12:32.000000
203	miris	798	false	2016-02-07 12:12:32.000000	2016-02-07 12:12:32.000000
204	potentno	799	true	2016-02-07 12:13:10.000000	2016-02-07 12:13:10.000000
204	moguće	800	false	2016-02-07 12:13:10.000000	2016-02-07 12:13:10.000000
204	postojeće	801	false	2016-02-07 12:13:10.000000	2016-02-07 12:13:10.000000
204	uzaludno	802	false	2016-02-07 12:13:10.000000	2016-02-07 12:13:10.000000
205	predviđanje	803	false	2016-02-07 12:14:27.000000	2016-02-07 12:14:27.000000
205	osuda	804	false	2016-02-07 12:14:27.000000	2016-02-07 12:14:27.000000
205	neprijatna situacija	805	true	2016-02-07 12:14:27.000000	2016-02-07 12:14:27.000000
205	lek	806	false	2016-02-07 12:14:27.000000	2016-02-07 12:14:27.000000
206	štap	807	true	2016-02-07 12:15:15.000000	2016-02-07 12:15:15.000000
206	budućnost	808	false	2016-02-07 12:15:15.000000	2016-02-07 12:15:15.000000
206	zupčanik	809	false	2016-02-07 12:15:15.000000	2016-02-07 12:15:15.000000
206	suncokret	810	false	2016-02-07 12:15:15.000000	2016-02-07 12:15:15.000000
207	trač	811	true	2016-02-07 12:15:59.000000	2016-02-07 12:15:59.000000
207	osip	812	false	2016-02-07 12:15:59.000000	2016-02-07 12:15:59.000000
207	trzaj	813	false	2016-02-07 12:15:59.000000	2016-02-07 12:15:59.000000
207	plač	814	false	2016-02-07 12:15:59.000000	2016-02-07 12:15:59.000000
208	trzaj	815	true	2016-02-07 12:17:21.000000	2016-02-07 12:17:21.000000
208	udarac	816	false	2016-02-07 12:17:21.000000	2016-02-07 12:17:21.000000
208	bič	817	false	2016-02-07 12:17:21.000000	2016-02-07 12:17:21.000000
208	treptaj	818	false	2016-02-07 12:17:21.000000	2016-02-07 12:17:21.000000
209	iskusan	819	true	2016-02-07 12:17:44.000000	2016-02-07 12:17:44.000000
209	ukusan	820	false	2016-02-07 12:17:44.000000	2016-02-07 12:17:44.000000
209	razrok	821	false	2016-02-07 12:17:44.000000	2016-02-07 12:17:44.000000
209	uopšten	822	false	2016-02-07 12:17:44.000000	2016-02-07 12:17:44.000000
210	gomila	823	true	2016-02-07 12:18:15.000000	2016-02-07 12:18:15.000000
210	plašt	824	false	2016-02-07 12:18:15.000000	2016-02-07 12:18:15.000000
210	dekurs	825	false	2016-02-07 12:18:15.000000	2016-02-07 12:18:15.000000
210	pile	826	false	2016-02-07 12:18:15.000000	2016-02-07 12:18:15.000000
211	bakar	827	false	2016-02-07 12:18:46.000000	2016-02-07 12:18:46.000000
211	cink	828	false	2016-02-07 12:18:46.000000	2016-02-07 12:18:46.000000
211	selen	829	false	2016-02-07 12:18:46.000000	2016-02-07 12:18:46.000000
211	gvožđe	830	true	2016-02-07 12:18:46.000000	2016-02-07 12:18:46.000000
212	dosegnuti	831	true	2016-02-07 12:19:02.000000	2016-02-07 12:19:02.000000
212	napustiti	832	false	2016-02-07 12:19:02.000000	2016-02-07 12:19:02.000000
212	odvesti	833	false	2016-02-07 12:19:02.000000	2016-02-07 12:19:02.000000
212	obogatiti se	834	false	2016-02-07 12:19:02.000000	2016-02-07 12:19:02.000000
213	pauza	835	true	2016-02-07 12:19:36.000000	2016-02-07 12:19:36.000000
213	kraj vremena	836	false	2016-02-07 12:19:36.000000	2016-02-07 12:19:36.000000
213	vreme za kraj	837	false	2016-02-07 12:19:36.000000	2016-02-07 12:19:36.000000
213	krajnje vreme	838	false	2016-02-07 12:19:36.000000	2016-02-07 12:19:36.000000
214	dugačak	839	false	2016-02-07 12:20:02.000000	2016-02-07 12:20:02.000000
214	predugačak	840	false	2016-02-07 12:20:02.000000	2016-02-07 12:20:02.000000
214	duž	841	true	2016-02-07 12:20:02.000000	2016-02-07 12:20:02.000000
214	među	842	false	2016-02-07 12:20:02.000000	2016-02-07 12:20:02.000000
215	krunisati	843	false	2016-02-07 12:20:32.000000	2016-02-07 12:20:32.000000
215	postati starešina	844	false	2016-02-07 12:20:32.000000	2016-02-07 12:20:32.000000
215	uputiti se	845	true	2016-02-07 12:20:32.000000	2016-02-07 12:20:32.000000
215	odrubiti glavu	846	false	2016-02-07 12:20:32.000000	2016-02-07 12:20:32.000000
216	krasta	847	false	2016-02-07 12:21:01.000000	2016-02-07 12:21:01.000000
216	cista	848	false	2016-02-07 12:21:01.000000	2016-02-07 12:21:01.000000
216	bradavica	849	true	2016-02-07 12:21:01.000000	2016-02-07 12:21:01.000000
216	bubuljica	850	false	2016-02-07 12:21:01.000000	2016-02-07 12:21:01.000000
217	pakao	851	false	2016-02-07 12:21:21.000000	2016-02-07 12:21:21.000000
217	hala	852	false	2016-02-07 12:21:21.000000	2016-02-07 12:21:21.000000
217	hodnik	853	true	2016-02-07 12:21:21.000000	2016-02-07 12:21:21.000000
217	pola puta	854	false	2016-02-07 12:21:21.000000	2016-02-07 12:21:21.000000
218	okrug	855	true	2016-02-07 12:21:42.000000	2016-02-07 12:21:42.000000
218	strogo	856	false	2016-02-07 12:21:42.000000	2016-02-07 12:21:42.000000
218	ometanje	857	false	2016-02-07 12:21:42.000000	2016-02-07 12:21:42.000000
218	slobodno	858	false	2016-02-07 12:21:42.000000	2016-02-07 12:21:42.000000
220	podići	859	true	2016-02-07 12:24:35.000000	2016-02-07 12:24:35.000000
220	napusiti	860	false	2016-02-07 12:24:35.000000	2016-02-07 12:24:35.000000
220	odvesti	861	false	2016-02-07 12:24:35.000000	2016-02-07 12:24:35.000000
220	ukrasti	862	false	2016-02-07 12:24:35.000000	2016-02-07 12:24:35.000000
221	vući	863	false	2016-02-07 12:24:52.000000	2016-02-07 12:24:52.000000
221	toranj	864	false	2016-02-07 12:24:52.000000	2016-02-07 12:24:52.000000
221	peškir	865	true	2016-02-07 12:24:52.000000	2016-02-07 12:24:52.000000
221	kula	866	false	2016-02-07 12:24:52.000000	2016-02-07 12:24:52.000000
222	struk	867	true	2016-02-07 12:25:18.000000	2016-02-07 12:25:18.000000
222	smeće	868	false	2016-02-07 12:25:18.000000	2016-02-07 12:25:18.000000
222	šteta	869	false	2016-02-07 12:25:18.000000	2016-02-07 12:25:18.000000
222	baciti	870	false	2016-02-07 12:25:18.000000	2016-02-07 12:25:18.000000
223	domaćinstvo	871	true	2016-02-07 12:25:56.000000	2016-02-07 12:25:56.000000
223	držanje	872	false	2016-02-07 12:25:56.000000	2016-02-07 12:25:56.000000
223	domar	873	false	2016-02-07 12:25:56.000000	2016-02-07 12:25:56.000000
223	gazda	874	false	2016-02-07 12:25:56.000000	2016-02-07 12:25:56.000000
224	čišćenje	875	true	2016-02-07 12:26:30.000000	2016-02-07 12:26:30.000000
224	spletkarenje	876	false	2016-02-07 12:26:30.000000	2016-02-07 12:26:30.000000
224	rezbarenje	877	false	2016-02-07 12:26:30.000000	2016-02-07 12:26:30.000000
224	slikanje	878	false	2016-02-07 12:26:30.000000	2016-02-07 12:26:30.000000
225	povraćati	879	true	2016-02-07 12:26:46.000000	2016-02-07 12:26:46.000000
225	štedeti	880	false	2016-02-07 12:26:46.000000	2016-02-07 12:26:46.000000
225	plakati	881	false	2016-02-07 12:26:46.000000	2016-02-07 12:26:46.000000
225	grebati	882	false	2016-02-07 12:26:46.000000	2016-02-07 12:26:46.000000
226	apatija	883	true	2016-02-07 12:27:11.000000	2016-02-07 12:27:11.000000
226	patnja	884	false	2016-02-07 12:27:11.000000	2016-02-07 12:27:11.000000
226	saosećanje	885	false	2016-02-07 12:27:11.000000	2016-02-07 12:27:11.000000
226	prepelica	886	false	2016-02-07 12:27:11.000000	2016-02-07 12:27:11.000000
227	istaknut	887	true	2016-02-07 12:27:55.000000	2016-02-07 12:27:55.000000
227	žele	888	false	2016-02-07 12:27:55.000000	2016-02-07 12:27:55.000000
227	uporan	889	false	2016-02-07 12:27:55.000000	2016-02-07 12:27:55.000000
227	redak	890	false	2016-02-07 12:27:55.000000	2016-02-07 12:27:55.000000
228	rog	891	true	2016-02-07 12:28:17.000000	2016-02-07 12:28:17.000000
228	trn	892	false	2016-02-07 12:28:17.000000	2016-02-07 12:28:17.000000
228	griva	893	false	2016-02-07 12:28:17.000000	2016-02-07 12:28:17.000000
228	rika	894	false	2016-02-07 12:28:17.000000	2016-02-07 12:28:17.000000
229	taština	895	true	2016-02-07 12:28:49.000000	2016-02-07 12:28:49.000000
229	širokogrudost	896	false	2016-02-07 12:28:49.000000	2016-02-07 12:28:49.000000
229	ljubaznost	897	false	2016-02-07 12:28:49.000000	2016-02-07 12:28:49.000000
229	mržnja	898	false	2016-02-07 12:28:49.000000	2016-02-07 12:28:49.000000
230	zapanjen	899	true	2016-02-07 12:29:41.000000	2016-02-07 12:29:41.000000
230	uzrujan	900	false	2016-02-07 12:29:41.000000	2016-02-07 12:29:41.000000
230	pohvaljen	901	false	2016-02-07 12:29:41.000000	2016-02-07 12:29:41.000000
230	umoran	902	false	2016-02-07 12:29:41.000000	2016-02-07 12:29:41.000000
231	znak	903	true	2016-02-07 12:30:09.000000	2016-02-07 12:30:09.000000
231	trzaj	904	false	2016-02-07 12:30:09.000000	2016-02-07 12:30:09.000000
231	cm	905	false	2016-02-07 12:30:09.000000	2016-02-07 12:30:09.000000
231	treptaj	906	false	2016-02-07 12:30:09.000000	2016-02-07 12:30:09.000000
232	ušuškan	907	true	2016-02-07 12:30:32.000000	2016-02-07 12:30:32.000000
232	dirnut	908	false	2016-02-07 12:30:32.000000	2016-02-07 12:30:32.000000
232	glasan	909	false	2016-02-07 12:30:32.000000	2016-02-07 12:30:32.000000
232	glavat	910	false	2016-02-07 12:30:32.000000	2016-02-07 12:30:32.000000
233	glava	911	false	2016-02-07 14:37:08.000000	2016-02-07 14:37:08.000000
233	pismo	912	true	2016-02-07 14:37:08.000000	2016-02-07 14:37:08.000000
233	karta	913	false	2016-02-07 14:37:08.000000	2016-02-07 14:37:08.000000
233	đzoker	914	false	2016-02-07 14:37:08.000000	2016-02-07 14:37:08.000000
234	novčić	915	true	2016-02-07 14:38:44.000000	2016-02-07 14:38:44.000000
234	gitara	916	false	2016-02-07 14:38:44.000000	2016-02-07 14:38:44.000000
234	gvožđe	917	false	2016-02-07 14:38:44.000000	2016-02-07 14:38:44.000000
234	pismo	918	false	2016-02-07 14:38:44.000000	2016-02-07 14:38:44.000000
235	napred	919	true	2016-02-07 14:57:56.000000	2016-02-07 14:57:56.000000
235	nazad	920	false	2016-02-07 14:57:56.000000	2016-02-07 14:57:56.000000
235	pravo	921	false	2016-02-07 14:57:56.000000	2016-02-07 14:57:56.000000
235	levo	922	false	2016-02-07 14:57:56.000000	2016-02-07 14:57:56.000000
236	kratkoća	923	true	2016-02-07 15:00:44.000000	2016-02-07 15:00:44.000000
236	tastatura	924	false	2016-02-07 15:00:44.000000	2016-02-07 15:00:44.000000
236	mis	925	false	2016-02-07 15:00:44.000000	2016-02-07 15:00:44.000000
236	hrabrost	926	false	2016-02-07 15:00:44.000000	2016-02-07 15:00:44.000000
237	režija	927	false	2016-02-07 15:52:18.000000	2016-02-07 15:52:18.000000
237	ograničenja	928	true	2016-02-07 15:52:18.000000	2016-02-07 15:52:18.000000
237	kraj	929	false	2016-02-07 15:52:18.000000	2016-02-07 15:52:18.000000
237	početak	930	false	2016-02-07 15:52:18.000000	2016-02-07 15:52:18.000000
238	bitka	931	true	2016-02-08 09:41:36.000000	2016-02-08 09:41:36.000000
238	boca	932	false	2016-02-08 09:41:36.000000	2016-02-08 09:41:36.000000
238	kiseonik	933	false	2016-02-08 09:41:36.000000	2016-02-08 09:41:36.000000
238	podmetač	934	false	2016-02-08 09:41:36.000000	2016-02-08 09:41:36.000000
239	otići	935	false	2016-02-08 09:42:06.000000	2016-02-08 09:42:06.000000
239	itgubiti	936	false	2016-02-08 09:42:06.000000	2016-02-08 09:42:06.000000
239	doći	937	false	2016-02-08 09:42:06.000000	2016-02-08 09:42:06.000000
239	nadvladati	938	true	2016-02-08 09:42:06.000000	2016-02-08 09:42:06.000000
240	poraz	939	true	2016-02-08 09:42:39.000000	2016-02-08 09:42:39.000000
240	pad	940	false	2016-02-08 09:42:39.000000	2016-02-08 09:42:39.000000
240	skok	941	false	2016-02-08 09:42:39.000000	2016-02-08 09:42:39.000000
240	ograda	942	false	2016-02-08 09:42:39.000000	2016-02-08 09:42:39.000000
241	ishodi	943	true	2016-02-08 12:19:40.000000	2016-02-08 12:19:40.000000
241	rashodi	944	false	2016-02-08 12:19:40.000000	2016-02-08 12:19:40.000000
241	ulazi	945	false	2016-02-08 12:19:40.000000	2016-02-08 12:19:40.000000
241	izlazi	946	false	2016-02-08 12:19:40.000000	2016-02-08 12:19:40.000000
242	dodatni 	947	true	2016-02-09 16:05:53.000000	2016-02-09 16:05:53.000000
242	solja	948	false	2016-02-09 16:05:53.000000	2016-02-09 16:05:53.000000
242	metar	949	false	2016-02-09 16:05:53.000000	2016-02-09 16:05:53.000000
242	oduzeti	950	false	2016-02-09 16:05:53.000000	2016-02-09 16:05:53.000000
243	usamljen	951	true	2016-02-09 16:10:34.000000	2016-02-09 16:10:34.000000
243	udavljen	952	false	2016-02-09 16:10:34.000000	2016-02-09 16:10:34.000000
243	prebijen	953	false	2016-02-09 16:10:34.000000	2016-02-09 16:10:34.000000
243	nabijen	954	false	2016-02-09 16:10:34.000000	2016-02-09 16:10:34.000000
244	ocenjuje	955	true	2016-02-09 16:23:52.000000	2016-02-09 16:23:52.000000
244	dodeljuje	956	false	2016-02-09 16:23:52.000000	2016-02-09 16:23:52.000000
244	evoluira	957	false	2016-02-09 16:23:52.000000	2016-02-09 16:23:52.000000
244	daje	958	false	2016-02-09 16:23:52.000000	2016-02-09 16:23:52.000000
245	i obrnuto	959	true	2016-02-09 17:21:04.000000	2016-02-09 17:21:04.000000
245	i ovako	960	false	2016-02-09 17:21:04.000000	2016-02-09 17:21:04.000000
245	i onako	961	false	2016-02-09 17:21:04.000000	2016-02-09 17:21:04.000000
245	i tako	962	false	2016-02-09 17:21:04.000000	2016-02-09 17:21:04.000000
246	protok	963	true	2016-02-09 17:29:00.000000	2016-02-09 17:29:00.000000
246	potok	964	false	2016-02-09 17:29:00.000000	2016-02-09 17:29:00.000000
246	teci	965	false	2016-02-09 17:29:00.000000	2016-02-09 17:29:00.000000
246	sipati	966	false	2016-02-09 17:29:00.000000	2016-02-09 17:29:00.000000
247	uredan	967	true	2016-02-09 17:48:10.000000	2016-02-09 17:48:10.000000
247	neuredan	968	false	2016-02-09 17:48:10.000000	2016-02-09 17:48:10.000000
247	lep	969	false	2016-02-09 17:48:10.000000	2016-02-09 17:48:10.000000
247	ruzan	970	false	2016-02-09 17:48:10.000000	2016-02-09 17:48:10.000000
248	bik	971	false	2016-02-09 17:50:22.000000	2016-02-09 17:50:22.000000
248	mamac	972	true	2016-02-09 17:50:22.000000	2016-02-09 17:50:22.000000
248	udica	973	false	2016-02-09 17:50:22.000000	2016-02-09 17:50:22.000000
248	dokaz	974	false	2016-02-09 17:50:22.000000	2016-02-09 17:50:22.000000
249	setnja	975	true	2016-02-09 17:54:22.000000	2016-02-09 17:54:22.000000
249	suma	976	false	2016-02-09 17:54:22.000000	2016-02-09 17:54:22.000000
249	list	977	false	2016-02-09 17:54:22.000000	2016-02-09 17:54:22.000000
249	prst	978	false	2016-02-09 17:54:22.000000	2016-02-09 17:54:22.000000
250	dobiti prednost	979	true	2016-02-09 17:55:16.000000	2016-02-09 17:55:16.000000
250	dati nagradu	980	false	2016-02-09 17:55:16.000000	2016-02-09 17:55:16.000000
250	preskoci ogradu	981	false	2016-02-09 17:55:16.000000	2016-02-09 17:55:16.000000
250	puziti do	982	false	2016-02-09 17:55:16.000000	2016-02-09 17:55:16.000000
251	hrabrost	983	true	2016-02-10 13:18:14.000000	2016-02-10 13:18:14.000000
251	zakljucak	984	false	2016-02-10 13:18:14.000000	2016-02-10 13:18:14.000000
251	mržnja	985	false	2016-02-10 13:18:14.000000	2016-02-10 13:18:14.000000
251	volja	986	false	2016-02-10 13:18:14.000000	2016-02-10 13:18:14.000000
252	dostigao	987	false	2016-02-10 13:44:36.000000	2016-02-10 13:44:36.000000
252	je smesten	988	true	2016-02-10 13:44:36.000000	2016-02-10 13:44:36.000000
252	je napravljen	989	false	2016-02-10 13:44:36.000000	2016-02-10 13:44:36.000000
252	je urađen	990	false	2016-02-10 13:44:36.000000	2016-02-10 13:44:36.000000
253	zakljucak	991	false	2016-02-10 13:46:24.000000	2016-02-10 13:46:24.000000
253	uslov	992	true	2016-02-10 13:46:24.000000	2016-02-10 13:46:24.000000
253	dodatak	993	false	2016-02-10 13:46:24.000000	2016-02-10 13:46:24.000000
253	prihod	994	false	2016-02-10 13:46:24.000000	2016-02-10 13:46:24.000000
254	bukvalan	995	true	2016-02-10 14:19:21.000000	2016-02-10 14:19:21.000000
254	uzbudljiv	996	false	2016-02-10 14:19:21.000000	2016-02-10 14:19:21.000000
254	citljiv	997	false	2016-02-10 14:19:21.000000	2016-02-10 14:19:21.000000
254	zamarajuci	998	false	2016-02-10 14:19:21.000000	2016-02-10 14:19:21.000000
255	bukvalan	999	true	2016-02-10 14:19:22.000000	2016-02-10 14:19:22.000000
255	uzbudljiv	1000	false	2016-02-10 14:19:22.000000	2016-02-10 14:19:22.000000
255	citljiv	1001	false	2016-02-10 14:19:22.000000	2016-02-10 14:19:22.000000
255	zamarajuci	1002	false	2016-02-10 14:19:22.000000	2016-02-10 14:19:22.000000
256	izbacio nekog	1003	false	2016-02-11 20:07:20.000000	2016-02-11 20:07:20.000000
256	navelo neke	1004	true	2016-02-11 20:07:20.000000	2016-02-11 20:07:20.000000
256	trebao da 	1005	false	2016-02-11 20:07:20.000000	2016-02-11 20:07:20.000000
256	uzeo neke	1006	false	2016-02-11 20:07:20.000000	2016-02-11 20:07:20.000000
257	komplet torba	1007	true	2016-02-11 20:07:54.000000	2016-02-11 20:07:54.000000
257	macja dlaka	1008	false	2016-02-11 20:07:54.000000	2016-02-11 20:07:54.000000
257	kofer	1009	false	2016-02-11 20:07:54.000000	2016-02-11 20:07:54.000000
257	putna torba	1010	false	2016-02-11 20:07:54.000000	2016-02-11 20:07:54.000000
258	ili uđuškan u	1011	true	2016-02-11 20:08:29.000000	2016-02-11 20:08:29.000000
258	ubacen u 	1012	false	2016-02-11 20:08:29.000000	2016-02-11 20:08:29.000000
258	prebacen na	1013	false	2016-02-11 20:08:29.000000	2016-02-11 20:08:29.000000
258	dobacen	1014	false	2016-02-11 20:08:29.000000	2016-02-11 20:08:29.000000
259	majmuni	1015	false	2016-02-11 20:08:58.000000	2016-02-11 20:08:58.000000
259	tigrovi	1016	false	2016-02-11 20:08:58.000000	2016-02-11 20:08:58.000000
259	siročići	1017	true	2016-02-11 20:08:58.000000	2016-02-11 20:08:58.000000
259	bebice	1018	false	2016-02-11 20:08:58.000000	2016-02-11 20:08:58.000000
260	nisko	1019	false	2016-02-11 20:09:18.000000	2016-02-11 20:09:18.000000
260	visoko	1020	true	2016-02-11 20:09:18.000000	2016-02-11 20:09:18.000000
260	sici	1021	false	2016-02-11 20:09:18.000000	2016-02-11 20:09:18.000000
260	popeti se	1022	false	2016-02-11 20:09:18.000000	2016-02-11 20:09:18.000000
261	korpe	1023	false	2016-02-11 20:09:41.000000	2016-02-11 20:09:41.000000
261	lisice	1024	true	2016-02-11 20:09:41.000000	2016-02-11 20:09:41.000000
261	bicevi	1025	false	2016-02-11 20:09:41.000000	2016-02-11 20:09:41.000000
261	polja	1026	false	2016-02-11 20:09:41.000000	2016-02-11 20:09:41.000000
262	subjektivan	1027	false	2016-02-11 20:10:05.000000	2016-02-11 20:10:05.000000
262	solidan	1028	true	2016-02-11 20:10:05.000000	2016-02-11 20:10:05.000000
262	divan	1029	false	2016-02-11 20:10:05.000000	2016-02-11 20:10:05.000000
262	prazan	1030	false	2016-02-11 20:10:05.000000	2016-02-11 20:10:05.000000
263	preko	1031	false	2016-02-11 20:10:22.000000	2016-02-11 20:10:22.000000
263	sirok	1032	true	2016-02-11 20:10:22.000000	2016-02-11 20:10:22.000000
263	lep	1033	false	2016-02-11 20:10:22.000000	2016-02-11 20:10:22.000000
263	zgodan	1034	false	2016-02-11 20:10:22.000000	2016-02-11 20:10:22.000000
264	blag	1035	true	2016-02-20 09:01:52.000000	2016-02-20 09:01:52.000000
264	ostar	1036	false	2016-02-20 09:01:52.000000	2016-02-20 09:01:52.000000
264	lep	1037	false	2016-02-20 09:01:52.000000	2016-02-20 09:01:52.000000
264	drag	1038	false	2016-02-20 09:01:52.000000	2016-02-20 09:01:52.000000
265	svedok	1039	false	2016-02-20 09:02:25.000000	2016-02-20 09:02:25.000000
265	razum	1040	true	2016-02-20 09:02:25.000000	2016-02-20 09:02:25.000000
265	vrat	1041	false	2016-02-20 09:02:25.000000	2016-02-20 09:02:25.000000
265	glavni	1042	false	2016-02-20 09:02:25.000000	2016-02-20 09:02:25.000000
266	predrasuda	1043	true	2016-02-20 09:03:03.000000	2016-02-20 09:03:03.000000
266	preinaceno	1044	false	2016-02-20 09:03:03.000000	2016-02-20 09:03:03.000000
266	suđenje	1045	false	2016-02-20 09:03:03.000000	2016-02-20 09:03:03.000000
266	sud	1046	false	2016-02-20 09:03:03.000000	2016-02-20 09:03:03.000000
267	sluh	1047	true	2016-02-20 09:03:50.000000	2016-02-20 09:03:50.000000
267	vid	1048	false	2016-02-20 09:03:50.000000	2016-02-20 09:03:50.000000
267	miris	1049	false	2016-02-20 09:03:50.000000	2016-02-20 09:03:50.000000
267	vrat	1050	false	2016-02-20 09:03:50.000000	2016-02-20 09:03:50.000000
268	mirisati	1051	false	2016-02-20 09:04:10.000000	2016-02-20 09:04:10.000000
268	glava	1052	false	2016-02-20 09:04:10.000000	2016-02-20 09:04:10.000000
268	kosa	1053	false	2016-02-20 09:04:10.000000	2016-02-20 09:04:10.000000
268	čuti	1054	true	2016-02-20 09:04:10.000000	2016-02-20 09:04:10.000000
269	ništa manje ubica	1055	true	2016-02-20 09:05:14.000000	2016-02-20 09:05:14.000000
269	ništa više ubica	1056	false	2016-02-20 09:05:14.000000	2016-02-20 09:05:14.000000
269	svi smo mi ludi	1057	false	2016-02-20 09:05:14.000000	2016-02-20 09:05:14.000000
269	niko nije ubica	1058	false	2016-02-20 09:05:14.000000	2016-02-20 09:05:14.000000
270	veze	1059	false	2016-02-20 09:05:43.000000	2016-02-20 09:05:43.000000
270	rodbina	1060	true	2016-02-20 09:05:43.000000	2016-02-20 09:05:43.000000
270	porodično	1061	false	2016-02-20 09:05:43.000000	2016-02-20 09:05:43.000000
270	svečanost	1062	false	2016-02-20 09:05:43.000000	2016-02-20 09:05:43.000000
271	klimnu	1063	true	2016-02-20 09:06:12.000000	2016-02-20 09:06:12.000000
271	dodato	1064	false	2016-02-20 09:06:12.000000	2016-02-20 09:06:12.000000
271	pozvano	1065	false	2016-02-20 09:06:12.000000	2016-02-20 09:06:12.000000
271	skriveno	1066	false	2016-02-20 09:06:12.000000	2016-02-20 09:06:12.000000
272	određivanje veličine	1067	true	2016-02-20 09:06:51.000000	2016-02-20 09:06:51.000000
272	slušanje	1068	false	2016-02-20 09:06:51.000000	2016-02-20 09:06:51.000000
272	gledanje	1069	false	2016-02-20 09:06:51.000000	2016-02-20 09:06:51.000000
272	prisluškivanje	1070	false	2016-02-20 09:06:51.000000	2016-02-20 09:06:51.000000
273	službenik	1071	true	2016-02-20 09:08:38.000000	2016-02-20 09:08:38.000000
273	šalter	1072	false	2016-02-20 09:08:38.000000	2016-02-20 09:08:38.000000
273	radnik	1073	false	2016-02-20 09:08:38.000000	2016-02-20 09:08:38.000000
273	direktor	1074	false	2016-02-20 09:08:38.000000	2016-02-20 09:08:38.000000
274	brodolomnik	1075	false	2016-02-20 09:09:54.000000	2016-02-20 09:09:54.000000
274	obožavalac	1076	true	2016-02-20 09:09:54.000000	2016-02-20 09:09:54.000000
274	prodavac	1077	false	2016-02-20 09:09:54.000000	2016-02-20 09:09:54.000000
274	magacioner	1078	false	2016-02-20 09:09:54.000000	2016-02-20 09:09:54.000000
275	notari	1079	false	2016-02-20 09:11:34.000000	2016-02-20 09:11:34.000000
275	ozloglašenost	1080	true	2016-02-20 09:11:34.000000	2016-02-20 09:11:34.000000
275	pasivno	1081	false	2016-02-20 09:11:34.000000	2016-02-20 09:11:34.000000
275	posesivno	1082	false	2016-02-20 09:11:34.000000	2016-02-20 09:11:34.000000
276	suđenje	1083	true	2016-02-20 09:12:25.000000	2016-02-20 09:12:25.000000
276	porota	1084	false	2016-02-20 09:12:25.000000	2016-02-20 09:12:25.000000
276	advokat	1085	false	2016-02-20 09:12:25.000000	2016-02-20 09:12:25.000000
276	sudije	1086	false	2016-02-20 09:12:25.000000	2016-02-20 09:12:25.000000
277	komešanje	1087	true	2016-02-20 09:13:10.000000	2016-02-20 09:13:10.000000
277	praćenje	1088	false	2016-02-20 09:13:10.000000	2016-02-20 09:13:10.000000
277	vođenje	1089	false	2016-02-20 09:13:10.000000	2016-02-20 09:13:10.000000
277	lutanje	1090	false	2016-02-20 09:13:10.000000	2016-02-20 09:13:10.000000
278	pritvor	1091	true	2016-02-20 09:13:57.000000	2016-02-20 09:13:57.000000
278	zatvor	1092	false	2016-02-20 09:13:57.000000	2016-02-20 09:13:57.000000
278	zatvorenici	1093	false	2016-02-20 09:13:57.000000	2016-02-20 09:13:57.000000
278	čuvari	1094	false	2016-02-20 09:13:57.000000	2016-02-20 09:13:57.000000
279	jasno	1095	true	2016-02-20 09:14:25.000000	2016-02-20 09:14:25.000000
279	glasno	1096	false	2016-02-20 09:14:25.000000	2016-02-20 09:14:25.000000
279	veliko	1097	false	2016-02-20 09:14:25.000000	2016-02-20 09:14:25.000000
279	viđeno	1098	false	2016-02-20 09:14:25.000000	2016-02-20 09:14:25.000000
280	usedelica	1099	true	2016-02-20 09:14:53.000000	2016-02-20 09:14:53.000000
280	supruga	1100	false	2016-02-20 09:14:53.000000	2016-02-20 09:14:53.000000
280	snaja	1101	false	2016-02-20 09:14:53.000000	2016-02-20 09:14:53.000000
280	zaova	1102	false	2016-02-20 09:14:53.000000	2016-02-20 09:14:53.000000
281	jasan	1103	false	2016-02-20 09:15:16.000000	2016-02-20 09:15:16.000000
281	čist	1104	false	2016-02-20 09:15:16.000000	2016-02-20 09:15:16.000000
281	gluv	1105	false	2016-02-20 09:15:16.000000	2016-02-20 09:15:16.000000
281	nejasan	1106	true	2016-02-20 09:15:16.000000	2016-02-20 09:15:16.000000
282	nejasno	1107	true	2016-02-20 09:15:47.000000	2016-02-20 09:15:47.000000
282	čisto	1108	false	2016-02-20 09:15:47.000000	2016-02-20 09:15:47.000000
282	nečisto	1109	false	2016-02-20 09:15:47.000000	2016-02-20 09:15:47.000000
282	trajno	1110	false	2016-02-20 09:15:47.000000	2016-02-20 09:15:47.000000
283	lopov	1111	false	2016-02-20 09:16:11.000000	2016-02-20 09:16:11.000000
283	falsifikator	1112	true	2016-02-20 09:16:11.000000	2016-02-20 09:16:11.000000
283	provalnik	1113	false	2016-02-20 09:16:11.000000	2016-02-20 09:16:11.000000
283	lažov	1114	false	2016-02-20 09:16:11.000000	2016-02-20 09:16:11.000000
284	razumeti	1115	false	2016-02-20 09:16:44.000000	2016-02-20 09:16:44.000000
284	predpostavljati	1116	true	2016-02-20 09:16:44.000000	2016-02-20 09:16:44.000000
284	gledati	1117	false	2016-02-20 09:16:44.000000	2016-02-20 09:16:44.000000
284	diviti	1118	false	2016-02-20 09:16:44.000000	2016-02-20 09:16:44.000000
285	podrazumeva	1119	true	2016-02-20 09:17:06.000000	2016-02-20 09:17:06.000000
285	misli	1120	false	2016-02-20 09:17:06.000000	2016-02-20 09:17:06.000000
285	nadati	1121	false	2016-02-20 09:17:06.000000	2016-02-20 09:17:06.000000
285	želeti	1122	false	2016-02-20 09:17:06.000000	2016-02-20 09:17:06.000000
286	navesti	1123	true	2016-02-20 09:17:34.000000	2016-02-20 09:17:34.000000
286	povesti	1124	false	2016-02-20 09:17:34.000000	2016-02-20 09:17:34.000000
286	nadati	1125	false	2016-02-20 09:17:34.000000	2016-02-20 09:17:34.000000
286	misliti	1126	false	2016-02-20 09:17:34.000000	2016-02-20 09:17:34.000000
287	neophodno	1127	true	2016-02-20 09:18:25.000000	2016-02-20 09:18:25.000000
287	potrebno	1128	false	2016-02-20 09:18:25.000000	2016-02-20 09:18:25.000000
287	željeno	1129	false	2016-02-20 09:18:25.000000	2016-02-20 09:18:25.000000
287	pravo	1130	false	2016-02-20 09:18:25.000000	2016-02-20 09:18:25.000000
288	iza	1131	false	2016-02-20 09:18:41.000000	2016-02-20 09:18:41.000000
288	pravo	1132	false	2016-02-20 09:18:41.000000	2016-02-20 09:18:41.000000
288	na	1133	true	2016-02-20 09:18:41.000000	2016-02-20 09:18:41.000000
288	pod	1134	false	2016-02-20 09:18:41.000000	2016-02-20 09:18:41.000000
289	sumiranje	1135	true	2016-02-20 09:19:13.000000	2016-02-20 09:19:13.000000
289	biranje	1136	false	2016-02-20 09:19:13.000000	2016-02-20 09:19:13.000000
289	traženje	1137	false	2016-02-20 09:19:13.000000	2016-02-20 09:19:13.000000
289	gledanje	1138	false	2016-02-20 09:19:13.000000	2016-02-20 09:19:13.000000
290	creva	1139	true	2016-02-20 09:19:42.000000	2016-02-20 09:19:42.000000
290	bubrezi	1140	false	2016-02-20 09:19:42.000000	2016-02-20 09:19:42.000000
290	krvna zrnca	1141	false	2016-02-20 09:19:42.000000	2016-02-20 09:19:42.000000
290	uši	1142	false	2016-02-20 09:19:42.000000	2016-02-20 09:19:42.000000
291	viteštvo	1143	true	2016-02-20 09:20:23.000000	2016-02-20 09:20:23.000000
291	hrabrost	1144	false	2016-02-20 09:20:23.000000	2016-02-20 09:20:23.000000
291	nadanje	1145	false	2016-02-20 09:20:23.000000	2016-02-20 09:20:23.000000
291	gledanje	1146	false	2016-02-20 09:20:23.000000	2016-02-20 09:20:23.000000
292	kućica	1147	false	2016-02-20 09:23:13.000000	2016-02-20 09:23:13.000000
292	zamka	1148	true	2016-02-20 09:23:13.000000	2016-02-20 09:23:13.000000
292	mišolovka	1149	false	2016-02-20 09:23:13.000000	2016-02-20 09:23:13.000000
292	rupa	1150	false	2016-02-20 09:23:13.000000	2016-02-20 09:23:13.000000
293	voditi	1151	true	2016-02-20 09:23:42.000000	2016-02-20 09:23:42.000000
293	vući	1152	false	2016-02-20 09:23:42.000000	2016-02-20 09:23:42.000000
293	misliti	1153	false	2016-02-20 09:23:42.000000	2016-02-20 09:23:42.000000
293	poći	1154	false	2016-02-20 09:23:42.000000	2016-02-20 09:23:42.000000
294	pogodak	1155	false	2016-02-20 09:24:11.000000	2016-02-20 09:24:11.000000
294	promašaj	1156	false	2016-02-20 09:24:11.000000	2016-02-20 09:24:11.000000
294	go	1157	false	2016-02-20 09:24:11.000000	2016-02-20 09:24:11.000000
294	zastoj	1158	true	2016-02-20 09:24:11.000000	2016-02-20 09:24:11.000000
295	poslušan	1159	true	2016-02-20 09:24:41.000000	2016-02-20 09:24:41.000000
295	zreo	1160	false	2016-02-20 09:24:41.000000	2016-02-20 09:24:41.000000
295	nezreo	1161	false	2016-02-20 09:24:41.000000	2016-02-20 09:24:41.000000
295	mrzovoljan	1162	false	2016-02-20 09:24:41.000000	2016-02-20 09:24:41.000000
296	mleveno meso	1163	true	2016-02-20 09:25:30.000000	2016-02-20 09:25:30.000000
296	dimljena pastrmka	1164	false	2016-02-20 09:25:30.000000	2016-02-20 09:25:30.000000
296	šiš ćevap	1165	false	2016-02-20 09:25:30.000000	2016-02-20 09:25:30.000000
296	jagnjetina	1166	false	2016-02-20 09:25:30.000000	2016-02-20 09:25:30.000000
297	bled	1167	true	2016-02-20 09:25:55.000000	2016-02-20 09:25:55.000000
297	umoran	1168	false	2016-02-20 09:25:55.000000	2016-02-20 09:25:55.000000
297	taman	1169	false	2016-02-20 09:25:55.000000	2016-02-20 09:25:55.000000
297	ružan	1170	false	2016-02-20 09:25:55.000000	2016-02-20 09:25:55.000000
298	presuda	1171	true	2016-02-20 09:26:54.000000	2016-02-20 09:26:54.000000
298	osuda	1172	false	2016-02-20 09:26:54.000000	2016-02-20 09:26:54.000000
298	porota	1173	false	2016-02-20 09:26:54.000000	2016-02-20 09:26:54.000000
298	sudija	1174	false	2016-02-20 09:26:54.000000	2016-02-20 09:26:54.000000
299	namestiti	1175	false	2016-02-20 09:27:20.000000	2016-02-20 09:27:20.000000
299	obrisati	1176	true	2016-02-20 09:27:20.000000	2016-02-20 09:27:20.000000
299	suziti	1177	false	2016-02-20 09:27:20.000000	2016-02-20 09:27:20.000000
299	želeti	1178	false	2016-02-20 09:27:20.000000	2016-02-20 09:27:20.000000
300	stvari	1179	true	2016-02-20 09:27:44.000000	2016-02-20 09:27:44.000000
300	predmeti	1180	false	2016-02-20 09:27:44.000000	2016-02-20 09:27:44.000000
300	zidovi	1181	false	2016-02-20 09:27:44.000000	2016-02-20 09:27:44.000000
300	tepisi	1182	false	2016-02-20 09:27:44.000000	2016-02-20 09:27:44.000000
301	pravni zastupnik	1183	true	2016-02-20 09:28:17.000000	2016-02-20 09:28:17.000000
301	sociolog	1184	false	2016-02-20 09:28:17.000000	2016-02-20 09:28:17.000000
301	biolog	1185	false	2016-02-20 09:28:17.000000	2016-02-20 09:28:17.000000
301	geograf	1186	false	2016-02-20 09:28:17.000000	2016-02-20 09:28:17.000000
302	sud	1187	false	2016-02-20 09:28:45.000000	2016-02-20 09:28:45.000000
302	porota	1188	true	2016-02-20 09:28:45.000000	2016-02-20 09:28:45.000000
302	prikazi	1189	false	2016-02-20 09:28:45.000000	2016-02-20 09:28:45.000000
302	dokazi	1190	false	2016-02-20 09:28:45.000000	2016-02-20 09:28:45.000000
303	razmetljivi	1191	true	2016-02-20 09:29:29.000000	2016-02-20 09:29:29.000000
303	prkosni	1192	false	2016-02-20 09:29:29.000000	2016-02-20 09:29:29.000000
303	nevernici	1193	false	2016-02-20 09:29:29.000000	2016-02-20 09:29:29.000000
303	vernici	1194	false	2016-02-20 09:29:29.000000	2016-02-20 09:29:29.000000
304	ubistvo sa predoumišljajem	1195	false	2016-02-20 09:30:29.000000	2016-02-20 09:30:29.000000
304	ubistvo bez predoumišljaja	1196	true	2016-02-20 09:30:29.000000	2016-02-20 09:30:29.000000
304	krađa	1197	false	2016-02-20 09:30:29.000000	2016-02-20 09:30:29.000000
304	provala	1198	false	2016-02-20 09:30:29.000000	2016-02-20 09:30:29.000000
305	ravno	1199	false	2016-02-20 09:30:52.000000	2016-02-20 09:30:52.000000
305	uglancano	1200	false	2016-02-20 09:30:52.000000	2016-02-20 09:30:52.000000
305	pogleda	1201	true	2016-02-20 09:30:52.000000	2016-02-20 09:30:52.000000
305	nadgleda	1202	false	2016-02-20 09:30:52.000000	2016-02-20 09:30:52.000000
306	ljubazan	1203	false	2016-02-22 17:31:14.000000	2016-02-22 17:31:14.000000
306	verodostojan	1204	true	2016-02-22 17:31:14.000000	2016-02-22 17:31:14.000000
306	ogroman	1205	false	2016-02-22 17:31:14.000000	2016-02-22 17:31:14.000000
306	blag	1206	false	2016-02-22 17:31:14.000000	2016-02-22 17:31:14.000000
307	zrelost	1207	true	2016-02-22 17:31:48.000000	2016-02-22 17:31:48.000000
307	matura	1208	false	2016-02-22 17:31:48.000000	2016-02-22 17:31:48.000000
307	razred	1209	false	2016-02-22 17:31:48.000000	2016-02-22 17:31:48.000000
307	starost	1210	false	2016-02-22 17:31:48.000000	2016-02-22 17:31:48.000000
308	zahtevajući	1211	true	2016-02-22 17:32:16.000000	2016-02-22 17:32:16.000000
308	pomirenje	1212	false	2016-02-22 17:32:16.000000	2016-02-22 17:32:16.000000
308	obećavajući	1213	false	2016-02-22 17:32:16.000000	2016-02-22 17:32:16.000000
308	svađa	1214	false	2016-02-22 17:32:16.000000	2016-02-22 17:32:16.000000
309	godina	1215	false	2016-02-22 17:32:37.000000	2016-02-22 17:32:37.000000
309	omladina	1216	true	2016-02-22 17:32:37.000000	2016-02-22 17:32:37.000000
309	ostrvo	1217	false	2016-02-22 17:32:37.000000	2016-02-22 17:32:37.000000
309	pubertet	1218	false	2016-02-22 17:32:37.000000	2016-02-22 17:32:37.000000
310	ubistvo	1219	false	2016-02-22 17:33:04.000000	2016-02-22 17:33:04.000000
310	izdvaja	1220	true	2016-02-22 17:33:04.000000	2016-02-22 17:33:04.000000
310	samoća	1221	false	2016-02-22 17:33:04.000000	2016-02-22 17:33:04.000000
310	samoubistvo	1222	false	2016-02-22 17:33:04.000000	2016-02-22 17:33:04.000000
311	razmaženo	1223	true	2016-02-22 17:33:23.000000	2016-02-22 17:33:23.000000
311	malo	1224	false	2016-02-22 17:33:23.000000	2016-02-22 17:33:23.000000
311	spojeno	1225	false	2016-02-22 17:33:23.000000	2016-02-22 17:33:23.000000
311	pokvareno	1226	false	2016-02-22 17:33:23.000000	2016-02-22 17:33:23.000000
312	sirov	1227	true	2016-02-22 17:33:43.000000	2016-02-22 17:33:43.000000
312	krut	1228	false	2016-02-22 17:33:43.000000	2016-02-22 17:33:43.000000
312	uvijen	1229	false	2016-02-22 17:33:43.000000	2016-02-22 17:33:43.000000
312	zreo	1230	false	2016-02-22 17:33:43.000000	2016-02-22 17:33:43.000000
313	navedi	1231	false	2016-02-22 17:34:04.000000	2016-02-22 17:34:04.000000
313	udari	1232	true	2016-02-22 17:34:04.000000	2016-02-22 17:34:04.000000
313	polomi	1233	false	2016-02-22 17:34:04.000000	2016-02-22 17:34:04.000000
313	baci	1234	false	2016-02-22 17:34:04.000000	2016-02-22 17:34:04.000000
314	sadržaj	1235	false	2016-02-22 17:34:50.000000	2016-02-22 17:34:50.000000
314	leći	1236	false	2016-02-22 17:34:50.000000	2016-02-22 17:34:50.000000
314	rešiti	1237	false	2016-02-22 17:34:50.000000	2016-02-22 17:34:50.000000
314	zamisliti	1238	true	2016-02-22 17:34:50.000000	2016-02-22 17:34:50.000000
315	hvalili	1239	false	2016-02-22 17:35:22.000000	2016-02-22 17:35:22.000000
315	rugali	1240	true	2016-02-22 17:35:22.000000	2016-02-22 17:35:22.000000
315	bojali	1241	false	2016-02-22 17:35:22.000000	2016-02-22 17:35:22.000000
315	gužvali	1242	false	2016-02-22 17:35:22.000000	2016-02-22 17:35:22.000000
316	vinograd	1243	false	2016-02-22 17:35:42.000000	2016-02-22 17:35:42.000000
316	berba	1244	true	2016-02-22 17:35:42.000000	2016-02-22 17:35:42.000000
316	grožđe	1245	false	2016-02-22 17:35:42.000000	2016-02-22 17:35:42.000000
316	ruglo	1246	false	2016-02-22 17:35:42.000000	2016-02-22 17:35:42.000000
317	bezukusnost	1247	true	2016-02-22 17:36:12.000000	2016-02-22 17:36:12.000000
317	ukusan	1248	false	2016-02-22 17:36:12.000000	2016-02-22 17:36:12.000000
317	mirisan	1249	false	2016-02-22 17:36:12.000000	2016-02-22 17:36:12.000000
317	sladak	1250	false	2016-02-22 17:36:12.000000	2016-02-22 17:36:12.000000
318	kvadratni	1251	true	2016-02-22 17:36:43.000000	2016-02-22 17:36:43.000000
318	pravougaonasti	1252	false	2016-02-22 17:36:43.000000	2016-02-22 17:36:43.000000
318	trouglasti	1253	false	2016-02-22 17:36:43.000000	2016-02-22 17:36:43.000000
318	uglovi	1254	false	2016-02-22 17:36:43.000000	2016-02-22 17:36:43.000000
319	dvorana	1255	true	2016-02-28 12:56:10.000000	2016-02-28 12:56:10.000000
319	ambar	1256	false	2016-02-28 12:56:10.000000	2016-02-28 12:56:10.000000
319	poglavlje	1257	false	2016-02-28 12:56:10.000000	2016-02-28 12:56:10.000000
319	izgnanik	1258	false	2016-02-28 12:56:10.000000	2016-02-28 12:56:10.000000
320	kazna	1259	true	2016-02-28 12:56:52.000000	2016-02-28 12:56:52.000000
320	pažnja	1260	false	2016-02-28 12:56:52.000000	2016-02-28 12:56:52.000000
320	deterdžent	1261	false	2016-02-28 12:56:52.000000	2016-02-28 12:56:52.000000
320	obmana	1262	false	2016-02-28 12:56:52.000000	2016-02-28 12:56:52.000000
321	poravnanje	1263	true	2016-02-28 13:56:13.000000	2016-02-28 13:56:13.000000
321	linije	1264	false	2016-02-28 13:56:13.000000	2016-02-28 13:56:13.000000
321	podvlačenje	1265	false	2016-02-28 13:56:13.000000	2016-02-28 13:56:13.000000
321	izvlačenje	1266	false	2016-02-28 13:56:13.000000	2016-02-28 13:56:13.000000
322	pogrešno poravnanje	1267	true	2016-02-28 13:56:50.000000	2016-02-28 13:56:50.000000
322	pogrešno postavljanje	1268	false	2016-02-28 13:56:50.000000	2016-02-28 13:56:50.000000
322	pogrešno ispravljanje	1269	false	2016-02-28 13:56:50.000000	2016-02-28 13:56:50.000000
322	pogrešno tumačenje	1270	false	2016-02-28 13:56:50.000000	2016-02-28 13:56:50.000000
323	istaknut	1271	true	2016-02-28 13:57:24.000000	2016-02-28 13:57:24.000000
323	nevažan	1272	false	2016-02-28 13:57:24.000000	2016-02-28 13:57:24.000000
323	važan	1273	false	2016-02-28 13:57:24.000000	2016-02-28 13:57:24.000000
323	nevidljiv	1274	false	2016-02-28 13:57:24.000000	2016-02-28 13:57:24.000000
324	traka	1275	true	2016-03-03 21:07:04.000000	2016-03-03 21:07:04.000000
324	dlaka	1276	false	2016-03-03 21:07:04.000000	2016-03-03 21:07:04.000000
324	svraka	1277	false	2016-03-03 21:07:04.000000	2016-03-03 21:07:04.000000
324	zvaka	1278	false	2016-03-03 21:07:04.000000	2016-03-03 21:07:04.000000
325	mladunce	1279	true	2016-04-27 15:29:53.000000	2016-04-27 15:29:53.000000
325	salo	1280	false	2016-04-27 15:29:53.000000	2016-04-27 15:29:53.000000
325	taksi	1281	false	2016-04-27 15:29:53.000000	2016-04-27 15:29:53.000000
325	kub	1282	false	2016-04-27 15:29:53.000000	2016-04-27 15:29:53.000000
326	zivina	1283	true	2016-04-27 15:30:37.000000	2016-04-27 15:30:37.000000
326	poltron	1284	false	2016-04-27 15:30:37.000000	2016-04-27 15:30:37.000000
326	polka	1285	false	2016-04-27 15:30:37.000000	2016-04-27 15:30:37.000000
326	zrtva	1286	false	2016-04-27 15:30:37.000000	2016-04-27 15:30:37.000000
340	1111	1328	true	2016-06-07 11:13:50.000000	2016-06-07 11:13:50.000000
340	2222	1329	false	2016-06-07 11:13:50.000000	2016-06-07 11:13:50.000000
340	3333	1330	false	2016-06-07 11:13:50.000000	2016-06-07 11:13:50.000000
340	4444	1331	false	2016-06-07 11:13:50.000000	2016-06-07 11:13:50.000000
341	ujedinjenje	1332	true	2016-06-09 00:39:01.000000	2016-06-09 00:39:01.000000
341	poistovećivanje	1333	false	2016-06-09 00:39:01.000000	2016-06-09 00:39:01.000000
341	zahvaljivanje	1334	false	2016-06-09 00:39:01.000000	2016-06-09 00:39:01.000000
341	pobunjivanje	1335	false	2016-06-09 00:39:01.000000	2016-06-09 00:39:01.000000
